"VideoID	DownloadableLink"
"0001-YOUTUBE	https://www.youtube.com/watch?v=VzrqT-Uvsro"
"0002-YOUTUBE	https://www.youtube.com/watch?v=KvhkTwwB2Zk"
"0003-YOUTUBE	https://www.youtube.com/watch?v=t4JNH9eTjUI"
"0004-YOUTUBE	https://www.youtube.com/watch?v=e_3REvlMd84"
"0007-YOUTUBE	https://www.youtube.com/watch?v=NqgrZHNB8zw"
"0008-YOUTUBE	https://www.youtube.com/watch?v=61n7ZR4ull0"
"0009-YOUTUBE	https://www.youtube.com/watch?v=OHT17BSHpNc"
"0010-YOUTUBE	https://www.youtube.com/watch?v=i6M98CfCkZ4"
"0011-YOUTUBE	https://www.youtube.com/watch?v=In9gPvBz0Hk"
"0020-YOUTUBE	https://www.youtube.com/watch?v=8DFlljLCM4o"
"0025-YOUTUBE	https://www.youtube.com/watch?v=zM7TAM-rLAY"
"0030-YOUTUBE	https://www.youtube.com/watch?v=C1c-WvVtE6I"
"0031-YOUTUBE	https://www.youtube.com/watch?v=3-WfsBsASIA"
"0032-YOUTUBE	https://www.youtube.com/watch?v=C_iPbaPf44M"
"0035-YOUTUBE	https://www.youtube.com/watch?v=uWY3GPGbAmo"
"0036-YOUTUBE	https://www.youtube.com/watch?v=aKUKvQsUeRc"
"0051-YOUTUBE	https://www.youtube.com/watch?v=C7Klzgnm7AQ"
"0060-YOUTUBE	https://www.youtube.com/watch?v=lcTV3wWxwuw"
"0061-YOUTUBE	https://www.youtube.com/watch?v=ddE8-e10d-g"
"0062-YOUTUBE	https://www.youtube.com/watch?v=L4SDkxuNr0o"
"0063-YOUTUBE	https://www.youtube.com/watch?v=RJf-eb8vCuI"
"0068-YOUTUBE	https://www.youtube.com/watch?v=XjaQeJ4wu6s"
"0069-YOUTUBE	https://www.youtube.com/watch?v=LWGnSsF6MmY"
"0073-YOUTUBE	https://www.youtube.com/watch?v=ufxyJmrX6z0"
"0077-YOUTUBE	https://www.youtube.com/watch?v=ltDReXejve2"
"0082-YOUTUBE	https://www.youtube.com/watch?v=Kk-8Ph35GO0"
"0083-YOUTUBE	https://www.youtube.com/watch?v=Kk-8Ph35GO1"
"0087-YOUTUBE	https://www.youtube.com/watch?v=JfBSM-rnAzw"
"0094-YOUTUBE	https://www.youtube.com/watch?v=_MU11eJPudU"
"0096-YOUTUBE	https://www.youtube.com/watch?v=i-zPhKSUkIs"
"0100-YOUTUBE	https://www.youtube.com/watch?v=qEtgLwYwXpk"
"0103-YOUTUBE	https://www.youtube.com/watch?v=2zMCpiP8isQ"
"0106-YOUTUBE	https://www.youtube.com/watch?v=NCAiuv50VoE"
"0107-YOUTUBE	https://www.youtube.com/watch?v=tIBt4MYBl1s"
"0111-YOUTUBE	https://www.youtube.com/watch?v=BmTg77DiETM"
"0114-YOUTUBE	https://www.youtube.com/watch?v=wz3V80uKl_E"
"0116-YOUTUBE	https://www.youtube.com/watch?v=XSNBBd4fUf4"
"0119-YOUTUBE	https://www.youtube.com/watch?v=AxkpocklIbk"
"0120-YOUTUBE	https://www.youtube.com/watch?v=YbMZuVBv-1k"
"0122-YOUTUBE	https://www.youtube.com/watch?v=PTy8_T3EvVQ"
"0126-YOUTUBE	https://www.youtube.com/watch?v=ufjAUrzdUCI"
"0127-YOUTUBE	https://www.youtube.com/watch?v=bg0XZBQ5UWI"
"0128-YOUTUBE	https://www.youtube.com/watch?v=jxKZSZaJ3MA"
"0129-YOUTUBE	https://www.youtube.com/watch?v=45s1Zou7QrI"
"0130-YOUTUBE	https://www.youtube.com/watch?v=GPmgR23E4d8"
"0131-YOUTUBE	https://www.youtube.com/watch?v=gjCiJsV7AfA"
"0133-YOUTUBE	https://www.youtube.com/watch?v=lPEpd9XdBV4"
"0135-YOUTUBE	https://www.youtube.com/watch?v=Z2Rk3Nsj8fE"
"0136-YOUTUBE	https://www.youtube.com/watch?v=8Ntq3hvxFnI"
"0138-YOUTUBE	https://www.youtube.com/watch?v=Sru3GgFLof0"
"0139-YOUTUBE	https://www.youtube.com/watch?v=QVxxUKry8kk"
"0140-YOUTUBE	https://www.youtube.com/watch?v=PXugDgrAL_0"
"0141-YOUTUBE	https://www.youtube.com/watch?v=aW_kYAVz_Zk"
"0143-YOUTUBE	https://www.youtube.com/watch?v=YHQB4JRGX20"
"0145-YOUTUBE	https://www.youtube.com/watch?v=XKKCNP42zVQ"
"0146-YOUTUBE	https://www.youtube.com/watch?v=h-V1clLAI-E"
"0147-YOUTUBE	https://www.youtube.com/watch?v=N0qg9Ji5i0Y"
"0148-YOUTUBE	https://www.youtube.com/watch?v=2igSaYH_XsY"
"0149-YOUTUBE	https://www.youtube.com/watch?v=3N2Plypn_Bg"
"0150-YOUTUBE	https://www.youtube.com/watch?v=-p_dDh0IA_0"
"0151-YOUTUBE	https://www.youtube.com/watch?v=Xfa1b17Q5dw"
"0154-YOUTUBE	https://www.youtube.com/watch?v=oKOx1vTPsyI"
"0156-YOUTUBE	https://www.youtube.com/watch?v=2iXw_x2Q_ZU"
"0157-YOUTUBE	https://www.youtube.com/watch?v=kkCzn0xIpmQ"
"0158-YOUTUBE	https://www.youtube.com/watch?v=XEbh05vM5C8"
"0161-YOUTUBE	https://www.youtube.com/watch?v=fDXZjxJP2-A"
"0162-YOUTUBE	https://www.youtube.com/watch?v=kvFzrMNxHeQ"
"0164-YOUTUBE	https://www.youtube.com/watch?v=4KmsWV01skY"
"0165-YOUTUBE	https://www.youtube.com/watch?v=4hxiBlOGL6Q"
"0166-YOUTUBE	https://www.youtube.com/watch?v=RPBsNGqJYnU"
"0167-YOUTUBE	https://www.youtube.com/watch?v=ZRjt-fraF7I"
"0169-YOUTUBE	https://www.youtube.com/watch?v=eDhByGWlE_A"
"0170-YOUTUBE	https://www.youtube.com/watch?v=JsOVq1pL8Aw"
"0172-YOUTUBE	https://www.youtube.com/watch?v=J3U4Ch7xe7w"
"0174-YOUTUBE	https://www.youtube.com/watch?v=j3b4uDYRtrE"
"0177-YOUTUBE	https://www.youtube.com/watch?v=tKjwnep-t0E"
"0179-YOUTUBE	https://www.youtube.com/watch?v=rZQza36rFHw"
"0180-YOUTUBE	https://www.youtube.com/watch?v=XB_4atBVqO8"
"0183-YOUTUBE	https://www.youtube.com/watch?v=zAvhGUrmwc4"
"0184-YOUTUBE	https://www.youtube.com/watch?v=Mx9gA3vhAHI"
"0185-YOUTUBE	https://www.youtube.com/watch?v=_5Yaa0fXVMI"
"0186-YOUTUBE	https://www.youtube.com/watch?v=jO48v_h__yA"
"0190-YOUTUBE	https://www.youtube.com/watch?v=4LA3I7efF1M"
"0195-YOUTUBE	https://www.youtube.com/watch?v=Iqn53-24U-Y"
"0197-YOUTUBE	https://www.youtube.com/watch?v=EuO88jo2qMU"
"0198-YOUTUBE	https://www.youtube.com/watch?v=tDzj972Ypio"
"0199-YOUTUBE	https://www.youtube.com/watch?v=yWgLkOWoJpE"
"0202-YOUTUBE	https://www.youtube.com/watch?v=EDcDngaAVxc"
"0203-YOUTUBE	https://www.youtube.com/watch?v=6ktPFR4wD-s"
"0205-YOUTUBE	https://www.youtube.com/watch?v=A53bmMrBLDA"
"0206-YOUTUBE	https://www.youtube.com/watch?v=0axbpDOdeJo"
"0209-YOUTUBE	https://www.youtube.com/watch?v=rhzxLymECWU"
"0210-YOUTUBE	https://www.youtube.com/watch?v=mDRQYGocC34"
"0214-YOUTUBE	https://www.youtube.com/watch?v=GVjJ3b9KVl0"
"0216-YOUTUBE	https://www.youtube.com/watch?v=PJB4fPLluII"
"0219-YOUTUBE	https://www.youtube.com/watch?v=8xaEb_ZHb7s"
"0222-YOUTUBE	https://www.youtube.com/watch?v=61VuPyViuAA"
"0226-YOUTUBE	https://www.youtube.com/watch?v=3fTI3lEKsbc"
"0227-YOUTUBE	https://www.youtube.com/watch?v=EA8GlnNQKcw"
"0229-YOUTUBE	https://www.youtube.com/watch?v=FUCQo_wYR4s"
"0230-YOUTUBE	https://www.youtube.com/watch?v=gt70f5jx2YU"
"0232-YOUTUBE	https://www.youtube.com/watch?v=1csnNAU01aM"
"0233-YOUTUBE	https://www.youtube.com/watch?v=DJlBbhwz_FQ"
"0234-YOUTUBE	https://www.youtube.com/watch?v=JrP2Tc5TBng"
"0235-YOUTUBE	https://www.youtube.com/watch?v=FMHZsg1y328"
"0236-YOUTUBE	https://www.youtube.com/watch?v=dqHZypSHyOs"
"0237-YOUTUBE	https://www.youtube.com/watch?v=39alLJKo3_s"
"0240-YOUTUBE	https://www.youtube.com/watch?v=rQ_vj6Z7qNk"
"0243-YOUTUBE	https://www.youtube.com/watch?v=NrJ5ocCWQqc"
"0244-YOUTUBE	https://www.youtube.com/watch?v=4-k6GjnCMcs"
"0245-YOUTUBE	https://www.youtube.com/watch?v=MVnucmmI2bo"
"0246-YOUTUBE	https://www.youtube.com/watch?v=oTDaevFtDh0"
"0251-YOUTUBE	https://www.youtube.com/watch?v=a8Qkh6pYU2s"
"0252-YOUTUBE	https://www.youtube.com/watch?v=gPZ9HqKGO2o"
"0255-YOUTUBE	https://www.youtube.com/watch?v=9hyY_lCeN0M"
"0257-YOUTUBE	https://www.youtube.com/watch?v=QB1KtvE4or4"
"0258-YOUTUBE	https://www.youtube.com/watch?v=5rX6sWzUIwU"
"0260-YOUTUBE	https://www.youtube.com/watch?v=zFlaFJwKwas"
"0264-YOUTUBE	https://www.youtube.com/watch?v=BzuNbEQcmGI"
"0265-YOUTUBE	https://www.youtube.com/watch?v=8LfQvx7P3ew"
"0266-YOUTUBE	https://www.youtube.com/watch?v=KP6NFiax2rk"
"0267-YOUTUBE	https://www.youtube.com/watch?v=tN47Y9S6v-0"
"0269-YOUTUBE	https://www.youtube.com/watch?v=Bv8BK6Ldnd4"
"0270-YOUTUBE	https://www.youtube.com/watch?v=-fdaF5ZTYIo"
"0272-YOUTUBE	https://www.youtube.com/watch?v=CF8vm2PzhnM"
"0274-YOUTUBE	https://www.youtube.com/watch?v=2hZb2H_DkFE"
"0275-YOUTUBE	https://www.youtube.com/watch?v=qPmHIgwzO8o"
"0276-YOUTUBE	https://www.youtube.com/watch?v=ZrzhFp0Pis4"
"0279-YOUTUBE	https://www.youtube.com/watch?v=zkHzZKuRUwk"
"0280-YOUTUBE	https://www.youtube.com/watch?v=Yig_0fsIgWE"
"0281-YOUTUBE	https://www.youtube.com/watch?v=7Hmc_gsgaZQ"
"0282-YOUTUBE	https://www.youtube.com/watch?v=P1S1u497fyo"
"0284-YOUTUBE	https://www.youtube.com/watch?v=dzLESZEljV8"
"0285-YOUTUBE	https://www.youtube.com/watch?v=ggAG5yBbC_Q"
"0288-YOUTUBE	https://www.youtube.com/watch?v=KZm7juR_yFU"
"0292-YOUTUBE	https://www.youtube.com/watch?v=M3sEQ9Nq_Tw"
"0293-YOUTUBE	https://www.youtube.com/watch?v=VEiQ3b-h3x8"
"0296-YOUTUBE	https://www.youtube.com/watch?v=cA65G7Bnah0"
"0298-YOUTUBE	https://www.youtube.com/watch?v=pmTVINUPwC8"
"0300-YOUTUBE	https://www.youtube.com/watch?v=DO69GrCaGyE"
"0302-YOUTUBE	https://www.youtube.com/watch?v=e1uzD5dgx9M"
"0303-YOUTUBE	https://www.youtube.com/watch?v=XYw-tSGfgi4"
"0304-YOUTUBE	https://www.youtube.com/watch?v=ejM2dofOSDk"
"0305-YOUTUBE	https://www.youtube.com/watch?v=5P4Fi_Hck5Y"
"0307-YOUTUBE	https://www.youtube.com/watch?v=Bh91_VkdaB0"
"0308-YOUTUBE	https://www.youtube.com/watch?v=zKc_dGNq0iw"
"0309-YOUTUBE	https://www.youtube.com/watch?v=WEuYmx9Sa34"
"0312-YOUTUBE	https://www.youtube.com/watch?v=sUV6QFw6r2I"
"0314-YOUTUBE	https://www.youtube.com/watch?v=0MdlG9wbjvs"
"0315-YOUTUBE	https://www.youtube.com/watch?v=1AB26oYDpik"
"0316-YOUTUBE	https://www.youtube.com/watch?v=fEb_jYbRc2E"
"0317-YOUTUBE	https://www.youtube.com/watch?v=6Gz3MzSD_lU"
"0322-YOUTUBE	https://www.youtube.com/watch?v=kNVS9V_NM2s"
"0324-YOUTUBE	https://www.youtube.com/watch?v=AvevXPSeVCk"
"0325-YOUTUBE	https://www.youtube.com/watch?v=5mQ479DR6rM"
"0326-YOUTUBE	https://www.youtube.com/watch?v=PPAyiKnxqEY"
"0327-YOUTUBE	https://www.youtube.com/watch?v=uZ8osKYNxpI"
"0328-YOUTUBE	https://www.youtube.com/watch?v=gPPm01HLFXE"
"0329-YOUTUBE	https://www.youtube.com/watch?v=8k3CIHmEMww"
"0331-YOUTUBE	https://www.youtube.com/watch?v=ksYb7evEMow"
"0334-YOUTUBE	https://www.youtube.com/watch?v=NZNDOH9C5K0"
"0335-YOUTUBE	https://www.youtube.com/watch?v=1K7BHaMS5AY"
"0338-YOUTUBE	https://www.youtube.com/watch?v=44cdrImU26U"
"0339-YOUTUBE	https://www.youtube.com/watch?v=phnF0C3_tek"
"0341-YOUTUBE	https://www.youtube.com/watch?v=8lODTGjjxF0"
"0342-YOUTUBE	https://www.youtube.com/watch?v=YOxSmppzVPQ"
"0344-YOUTUBE	https://www.youtube.com/watch?v=vzCGx6Q4ajI"
"0346-YOUTUBE	https://www.youtube.com/watch?v=l1NJKstPkEQ"
"0348-YOUTUBE	https://www.youtube.com/watch?v=yosIMJJOcF8"
"0350-YOUTUBE	https://www.youtube.com/watch?v=fUF6VwXoQjM"
"0351-YOUTUBE	https://www.youtube.com/watch?v=HPDaMvf41j0"
"0353-YOUTUBE	https://www.youtube.com/watch?v=nKQLWNUYu9w"
"0355-YOUTUBE	https://www.youtube.com/watch?v=7mgN6GiDrt8"
"0357-YOUTUBE	https://www.youtube.com/watch?v=v6hmt6gL1fo"
"0359-YOUTUBE	https://www.youtube.com/watch?v=33jK01B_pPI"
"0363-YOUTUBE	https://www.youtube.com/watch?v=Wm2CKDrw4Uo"
"0368-YOUTUBE	https://www.youtube.com/watch?v=3_kA33Z9IY4"
"0372-YOUTUBE	https://www.youtube.com/watch?v=OrvEJeQx8uE"
"0373-YOUTUBE	https://www.youtube.com/watch?v=-Vq9Rwy0Fls"
"0376-YOUTUBE	https://www.youtube.com/watch?v=Rv8g_wT8dXY"
"0378-YOUTUBE	https://www.youtube.com/watch?v=yYjDngUiSaw"
"0379-YOUTUBE	https://www.youtube.com/watch?v=s17_ugXDydw"
"0381-YOUTUBE	https://www.youtube.com/watch?v=Vzb8J3pFANQ"
"0383-YOUTUBE	https://www.youtube.com/watch?v=wDmSiHiEYWI"
"0384-YOUTUBE	https://www.youtube.com/watch?v=BREEHsS8Rmw"
"0385-YOUTUBE	https://www.youtube.com/watch?v=4JUxwcU1OJc"
"0386-YOUTUBE	https://www.youtube.com/watch?v=8cyPotsGOq8"
"0387-YOUTUBE	https://www.youtube.com/watch?v=tdZW57PK3jU"
"0388-YOUTUBE	https://www.youtube.com/watch?v=L49EWuiJ16k"
"0389-YOUTUBE	https://www.youtube.com/watch?v=z09GR_-cBw0"
"0391-YOUTUBE	https://www.youtube.com/watch?v=FF7oz8C6Mz8"
"0393-YOUTUBE	https://www.youtube.com/watch?v=VAe_WClOEp0"
"0394-YOUTUBE	https://www.youtube.com/watch?v=W3DFcqSBJaU"
"0395-YOUTUBE	https://www.youtube.com/watch?v=2Sn-1NqoOA4"
"0396-YOUTUBE	https://www.youtube.com/watch?v=OSSQ3i0eFQI"
"0397-YOUTUBE	https://www.youtube.com/watch?v=iQh7RL4sVeY"
"0398-YOUTUBE	https://www.youtube.com/watch?v=rBxxU8gT7nY"
"0399-YOUTUBE	https://www.youtube.com/watch?v=loaEj_PawpQ"
"0400-YOUTUBE	https://www.youtube.com/watch?v=aXYkJD9TWN0"
"0401-YOUTUBE	https://www.youtube.com/watch?v=2H7daCTHhME"
"0402-YOUTUBE	https://www.youtube.com/watch?v=KH6k_ogxnJU"
"0403-YOUTUBE	https://www.youtube.com/watch?v=1_V7oqT9kqU"
"0404-YOUTUBE	https://www.youtube.com/watch?v=QodwgFJlp7U"
"0405-YOUTUBE	https://www.youtube.com/watch?v=Eb3qjXANCT4"
"0406-YOUTUBE	https://www.youtube.com/watch?v=UdGg8nURevA"
"0407-YOUTUBE	https://www.youtube.com/watch?v=k7KMJkJeu9g"
"0408-YOUTUBE	https://www.youtube.com/watch?v=_ZoYVzyKefA"
"0409-YOUTUBE	https://www.youtube.com/watch?v=GQmRwy_dcVA"
"0410-YOUTUBE	https://www.youtube.com/watch?v=ZgjJANLdut0"
"0411-YOUTUBE	https://www.youtube.com/watch?v=94tvxNo-60U"
"0412-YOUTUBE	https://www.youtube.com/watch?v=3m3ANVjJRrg"
"0413-YOUTUBE	https://www.youtube.com/watch?v=a13QsKbwn9w"
"0414-YOUTUBE	https://www.youtube.com/watch?v=O3Kd_G6fgyQ"
"0415-YOUTUBE	https://www.youtube.com/watch?v=KMNz_2K0H1c"
"0416-YOUTUBE	https://www.youtube.com/watch?v=TsY8U4exqOE"
"0417-YOUTUBE	https://www.youtube.com/watch?v=OVrqkyNZRFE"
"0418-YOUTUBE	https://www.youtube.com/watch?v=Xo9npwHIzko"
"0419-YOUTUBE	https://www.youtube.com/watch?v=fQK51KDUOb4"
"0420-YOUTUBE	https://www.youtube.com/watch?v=CTMhg7p6j_k"
"0421-YOUTUBE	https://www.youtube.com/watch?v=Y7z-3V5jsRU"
"0422-YOUTUBE	https://www.youtube.com/watch?v=uYVRVjzhcx4"
"0423-YOUTUBE	https://www.youtube.com/watch?v=NQQogk4NZxw"
"0424-YOUTUBE	https://www.youtube.com/watch?v=Iefel7SF-EA"
"0425-YOUTUBE	https://www.youtube.com/watch?v=cgIoc0BQO2o"
"0426-YOUTUBE	https://www.youtube.com/watch?v=__xAS1BC9fg"
"0427-YOUTUBE	https://www.youtube.com/watch?v=drmZAYCTiB0"
"0428-YOUTUBE	https://www.youtube.com/watch?v=lgcFqrelMyk"
"0429-YOUTUBE	https://www.youtube.com/watch?v=q0vTy1cnXsg"
"0430-YOUTUBE	https://www.youtube.com/watch?v=Mkt-D6Fx0WE"
"0432-YOUTUBE	https://www.youtube.com/watch?v=LQ1JUBLjZSk"
"0433-YOUTUBE	https://www.youtube.com/watch?v=uhHrJFObHvA"
"0434-YOUTUBE	https://www.youtube.com/watch?v=UwF3hvOQwnA"
"0435-YOUTUBE	https://www.youtube.com/watch?v=q7Hg5PQUBOc"
"0436-YOUTUBE	https://www.youtube.com/watch?v=7PzZ5QA4LCo"
"0438-YOUTUBE	https://www.youtube.com/watch?v=w35EhjJe64g"
"0439-YOUTUBE	https://www.youtube.com/watch?v=yJkG5QxImCA"
"0440-YOUTUBE	https://www.youtube.com/watch?v=rBh5a_R1-wU"
"0441-YOUTUBE	https://www.youtube.com/watch?v=H23RgWi1df8"
"0442-YOUTUBE	https://www.youtube.com/watch?v=FIKvGCDXt-c"
"0443-YOUTUBE	https://www.youtube.com/watch?v=0u6iJkte3fM"
"0444-YOUTUBE	https://www.youtube.com/watch?v=CEoEExRidUM"
"0445-YOUTUBE	https://www.youtube.com/watch?v=C3G6aPAr9w4"
"0446-YOUTUBE	https://www.youtube.com/watch?v=2MJE9CtGCe4"
"0447-YOUTUBE	https://www.youtube.com/watch?v=Qw_QH3DqY0o"
"0448-YOUTUBE	https://www.youtube.com/watch?v=p2mYIBiQVCM"
"0449-YOUTUBE	https://www.youtube.com/watch?v=x1MG73yCP80"
"0450-YOUTUBE	https://www.youtube.com/watch?v=G2FCcNiKBH8"
"0451-YOUTUBE	https://www.youtube.com/watch?v=ThW8KW3OMZU"
"0452-YOUTUBE	https://www.youtube.com/watch?v=3jLveAmX4-I"
"0453-YOUTUBE	https://www.youtube.com/watch?v=cVElWTCCK0E"
"0454-YOUTUBE	https://www.youtube.com/watch?v=MMmt5B-Y7iA"
"0455-YOUTUBE	https://www.youtube.com/watch?v=lpR3c-UmX78"
"0456-YOUTUBE	https://www.youtube.com/watch?v=FqPnCAOFsBE"
"0457-YOUTUBE	https://www.youtube.com/watch?v=NeEvXzIq7nY"
"0458-YOUTUBE	https://www.youtube.com/watch?v=W3dnPp1E5rs"
"0459-YOUTUBE	https://www.youtube.com/watch?v=TJoUEeZp9Ww"
"0460-YOUTUBE	https://www.youtube.com/watch?v=JArEn7B4Y6s"
"0461-YOUTUBE	https://www.youtube.com/watch?v=RDn-v0Fgb6g"
"0462-YOUTUBE	https://www.youtube.com/watch?v=I7BhByY0nZA"
"0463-YOUTUBE	https://www.youtube.com/watch?v=ygREG0sYC7k"
"0464-YOUTUBE	https://www.youtube.com/watch?v=TN_UoFtoQYU"
"0465-YOUTUBE	https://www.youtube.com/watch?v=sZfLBXmzRaE"
"0466-YOUTUBE	https://www.youtube.com/watch?v=tLYaCpkaHl0"
"0467-YOUTUBE	https://www.youtube.com/watch?v=bL3s3UKNv9U"
"0468-YOUTUBE	https://www.youtube.com/watch?v=9_CzclD5Dnc"
"0469-YOUTUBE	https://www.youtube.com/watch?v=UNZzvLYv_O0"
"0471-YOUTUBE	https://www.youtube.com/watch?v=T1Vw-_n-hFI"
"0472-YOUTUBE	https://www.youtube.com/watch?v=jozM15_nN2s"
"0473-YOUTUBE	https://www.youtube.com/watch?v=SvybzElLRtk"
"0475-YOUTUBE	https://www.youtube.com/watch?v=Xq2fIEixvtU"
"0476-YOUTUBE	https://www.youtube.com/watch?v=ETRL9GWyGOw"
"0477-YOUTUBE	https://www.youtube.com/watch?v=pdSvX_DM2GE"
"0478-YOUTUBE	https://www.youtube.com/watch?v=-HgXJLBlSug"
"0479-YOUTUBE	https://www.youtube.com/watch?v=7BVkpn3vuI0"
"0480-YOUTUBE	https://www.youtube.com/watch?v=rChNdOYQI3I"
"0481-YOUTUBE	https://www.youtube.com/watch?v=g6Mnud2qcAE"
"0482-YOUTUBE	https://www.youtube.com/watch?v=jy-KbZmNUg0"
"0483-YOUTUBE	https://www.youtube.com/watch?v=GkAXnPFgykU"
"0484-YOUTUBE	https://www.youtube.com/watch?v=MY3XT7r7dSw"
"0485-YOUTUBE	https://www.youtube.com/watch?v=K66Ynrj4tPs"
"0486-YOUTUBE	https://www.youtube.com/watch?v=SuUbgulij2w"
"0487-YOUTUBE	https://www.youtube.com/watch?v=WLBqrNMiNAU"
"0488-YOUTUBE	https://www.youtube.com/watch?v=lx4Ek_kHH2M"
"0490-YOUTUBE	https://www.youtube.com/watch?v=ZaXGnS8caVY"
"0491-YOUTUBE	https://www.youtube.com/watch?v=QFxLtPUJHTY"
"0492-YOUTUBE	https://www.youtube.com/watch?v=sXz4_Cv0Dj0"
"0493-YOUTUBE	https://www.youtube.com/watch?v=LEgrqSr8rgk"
"0494-YOUTUBE	https://www.youtube.com/watch?v=fq7voBsRNDQ"
"0495-YOUTUBE	https://www.youtube.com/watch?v=WZRZMIfyO_I"
"0496-YOUTUBE	https://www.youtube.com/watch?v=exFSDFCYkak"
"0498-YOUTUBE	https://www.youtube.com/watch?v=bA1WFyDS8LI"
"0499-YOUTUBE	https://www.youtube.com/watch?v=i0xTXI_ciyc"
"0500-YOUTUBE	https://www.youtube.com/watch?v=ADNcsqjAHqU"
"0501-YOUTUBE	https://www.youtube.com/watch?v=F_L_ilyvoIc"
"0502-YOUTUBE	https://www.youtube.com/watch?v=0JSAlGf0ILA"
"0503-YOUTUBE	https://www.youtube.com/watch?v=GOzXDktbVBY"
"0504-YOUTUBE	https://www.youtube.com/watch?v=WiDibK_-fiE"
"0505-YOUTUBE	https://www.youtube.com/watch?v=tE7FhjC1kT0"
"0506-YOUTUBE	https://www.youtube.com/watch?v=XThB0sqiR94"
"0507-YOUTUBE	https://www.youtube.com/watch?v=j-6bhYBah-Q"
"0508-YOUTUBE	https://www.youtube.com/watch?v=kHp1oBhlVvI"
"0509-YOUTUBE	https://www.youtube.com/watch?v=bzAyolfURlU"
"0510-YOUTUBE	https://www.youtube.com/watch?v=9dgKghxKXgo"
"0511-YOUTUBE	https://www.youtube.com/watch?v=Ds_T7v-MhtY"
"0512-YOUTUBE	https://www.youtube.com/watch?v=0kcjo7ykPGE"
"0513-YOUTUBE	https://www.youtube.com/watch?v=7ekWigSgw9c"
"0514-YOUTUBE	https://www.youtube.com/watch?v=4_QFHHH4uvA"
"0515-YOUTUBE	https://www.youtube.com/watch?v=3EiO9I57svY"
"0516-YOUTUBE	https://www.youtube.com/watch?v=2W3nhf_mUEw"
"0517-YOUTUBE	https://www.youtube.com/watch?v=V1V7Lr3yZfA"
"0518-YOUTUBE	https://www.youtube.com/watch?v=qL1j_L6O89Y"
"0519-YOUTUBE	https://www.youtube.com/watch?v=-3YVpMgCudU"
"0520-YOUTUBE	https://www.youtube.com/watch?v=2jYqS8l8Cm8"
"0521-YOUTUBE	https://www.youtube.com/watch?v=b1k5dlEwRhU"
"0522-YOUTUBE	https://www.youtube.com/watch?v=f5piHKZPoP4"
"0523-YOUTUBE	https://www.youtube.com/watch?v=_Ef1VW55pug"
"0524-YOUTUBE	https://www.youtube.com/watch?v=7aHy8Zx08KA"
"0525-YOUTUBE	https://www.youtube.com/watch?v=Z23jk5gjDG0"
"0526-YOUTUBE	https://www.youtube.com/watch?v=BX2C5hUksaM"
"0527-YOUTUBE	https://www.youtube.com/watch?v=dmptWWxAPns"
"0528-YOUTUBE	https://www.youtube.com/watch?v=6ybVZ-tHicU"
"0529-YOUTUBE	https://www.youtube.com/watch?v=XeDahc0uRcw"
"0530-YOUTUBE	https://www.youtube.com/watch?v=rylyWZNQMYY"
"0531-YOUTUBE	https://www.youtube.com/watch?v=LBKO_FuTQ1U"
"0532-YOUTUBE	https://www.youtube.com/watch?v=PPmqDTcCdu8"
"0533-YOUTUBE	https://www.youtube.com/watch?v=O_gJiyPbgnY"
"0534-YOUTUBE	https://www.youtube.com/watch?v=cjk-02I_zZA"
"0538-YOUTUBE	https://www.youtube.com/watch?v=hj1Do6oevPQ"
"0539-YOUTUBE	https://www.youtube.com/watch?v=0SHwQa8vyBk"
"0541-YOUTUBE	https://www.youtube.com/watch?v=ycVOKsi2Z3s"
"0542-YOUTUBE	https://www.youtube.com/watch?v=KUicIoXgWME"
"0543-YOUTUBE	https://www.youtube.com/watch?v=mBNrYW8xEnc"
"0544-YOUTUBE	https://www.youtube.com/watch?v=p1OEG43tTL4"
"0545-YOUTUBE	https://www.youtube.com/watch?v=Nfxi_OnK1hU"
"0546-YOUTUBE	https://www.youtube.com/watch?v=3h04My6MAKE"
"0547-YOUTUBE	https://www.youtube.com/watch?v=5D_UFtCRKj0"
"0548-YOUTUBE	https://www.youtube.com/watch?v=vv9g0YBCPRk"
"0549-YOUTUBE	https://www.youtube.com/watch?v=rj2gaGEEpj4"
"0550-YOUTUBE	https://www.youtube.com/watch?v=PfK_L4IZEt8"
"0551-YOUTUBE	https://www.youtube.com/watch?v=2zmWrnD36Fc"
"0552-YOUTUBE	https://www.youtube.com/watch?v=yYRZUReThsk"
"0553-YOUTUBE	https://www.youtube.com/watch?v=WPWpyXQ0vCk"
"0554-YOUTUBE	https://www.youtube.com/watch?v=7724o3HW_V8"
"0555-YOUTUBE	https://www.youtube.com/watch?v=bPKcCEKUYnQ"
"0556-YOUTUBE	https://www.youtube.com/watch?v=poSUO3XeXyg"
"0557-YOUTUBE	https://www.youtube.com/watch?v=Z-ReOZuXSZI"
"0558-YOUTUBE	https://www.youtube.com/watch?v=hiawDF67C4U"
"0559-YOUTUBE	https://www.youtube.com/watch?v=lvVW24kDIek"
"0560-YOUTUBE	https://www.youtube.com/watch?v=S8HZ_7yGklY"
"0561-YOUTUBE	https://www.youtube.com/watch?v=HQiOs8ZGcwM"
"0562-YOUTUBE	https://www.youtube.com/watch?v=-xKgSUCbiDE"
"0563-YOUTUBE	https://www.youtube.com/watch?v=3UA3l2rIY7M"
"0564-YOUTUBE	https://www.youtube.com/watch?v=7P9T5a_SP6s"
"0565-YOUTUBE	https://www.youtube.com/watch?v=swE8Q8M_j1c"
"0566-YOUTUBE	https://www.youtube.com/watch?v=sGhy2LfA3p0"
"0567-YOUTUBE	https://www.youtube.com/watch?v=D5LLUXTd_kY"
"0568-YOUTUBE	https://www.youtube.com/watch?v=pcE9VWLVuX8"
"0569-YOUTUBE	https://www.youtube.com/watch?v=164YGo1SuTU"
"0570-YOUTUBE	https://www.youtube.com/watch?v=TWCDj8NPOMk"
"0571-YOUTUBE	https://www.youtube.com/watch?v=_YwAwnvTxqE"
"0572-YOUTUBE	https://www.youtube.com/watch?v=pAEeO2KrdYI"
"0573-YOUTUBE	https://www.youtube.com/watch?v=qfnTsME9Qks"
"0574-YOUTUBE	https://www.youtube.com/watch?v=TcIpiCv2B5Q"
"0575-YOUTUBE	https://www.youtube.com/watch?v=XJapPziI1Ls"
"0576-YOUTUBE	https://www.youtube.com/watch?v=KPdCsJ8w3IQ"
"0577-YOUTUBE	https://www.youtube.com/watch?v=-GWxiY0jRjQ"
"0578-YOUTUBE	https://www.youtube.com/watch?v=DZ8Eo_dQpDQ"
"0579-YOUTUBE	https://www.youtube.com/watch?v=vjSZiVhPcHo"
"0580-YOUTUBE	https://www.youtube.com/watch?v=Tyy8Cv2TbxI"
"0581-YOUTUBE	https://www.youtube.com/watch?v=uOu029py4VI"
"0582-YOUTUBE	https://www.youtube.com/watch?v=uQt1Q_qFTio"
"0583-YOUTUBE	https://www.youtube.com/watch?v=bkIhgt8hABw"
"0584-YOUTUBE	https://www.youtube.com/watch?v=77rJRFMH69I"
"0585-YOUTUBE	https://www.youtube.com/watch?v=ssYXhJCiLwg"
"0586-YOUTUBE	https://www.youtube.com/watch?v=czUw5NMbuks"
"0587-YOUTUBE	https://www.youtube.com/watch?v=e3wuqJSK0io"
"0588-YOUTUBE	https://www.youtube.com/watch?v=_1PseZ3pRvw"
"0589-YOUTUBE	https://www.youtube.com/watch?v=gPCZLIMzvC4"
"0590-YOUTUBE	https://www.youtube.com/watch?v=tgds6i7H8xQ"
"0591-YOUTUBE	https://www.youtube.com/watch?v=p6lTIk1iC5I"
"0593-YOUTUBE	https://www.youtube.com/watch?v=LrBTnRWZAqM"
"0594-YOUTUBE	https://www.youtube.com/watch?v=RneBh1cgP6c"
"0595-YOUTUBE	https://www.youtube.com/watch?v=5jtZNhYLSVQ"
"0596-YOUTUBE	https://www.youtube.com/watch?v=MrHQKEhzQg0"
"0597-YOUTUBE	https://www.youtube.com/watch?v=Qcb3Bh_i8oY"
"0598-YOUTUBE	https://www.youtube.com/watch?v=WhzQw5BCNeU"
"0599-YOUTUBE	https://www.youtube.com/watch?v=O7B2xh7zaQs"
"0600-YOUTUBE	https://www.youtube.com/watch?v=rTODJVYy1r8"
"0601-YOUTUBE	https://www.youtube.com/watch?v=iXQ7HMSzyvg"
"0602-YOUTUBE	https://www.youtube.com/watch?v=4O4R3D_89R8"
"0603-YOUTUBE	https://www.youtube.com/watch?v=g_52gwlI_Fg"
"0604-YOUTUBE	https://www.youtube.com/watch?v=mBrt1EgUPO8"
"0605-YOUTUBE	https://www.youtube.com/watch?v=yX79RYH2chw"
"0606-YOUTUBE	https://www.youtube.com/watch?v=zvTcYGhv5fs"
"0607-YOUTUBE	https://www.youtube.com/watch?v=n3B0ghMrpBE"
"0608-YOUTUBE	https://www.youtube.com/watch?v=Ebn0JcwVzG4"
"0609-YOUTUBE	https://www.youtube.com/watch?v=istaPoSteRo"
"0610-YOUTUBE	https://www.youtube.com/watch?v=l4HMnnCp45o"
"0613-YOUTUBE	https://www.youtube.com/watch?v=_krptpmLrQE"
"0614-YOUTUBE	https://www.youtube.com/watch?v=nzD2KAbrA_M"
"0615-YOUTUBE	https://www.youtube.com/watch?v=Htgu7nAdHlk"
"0616-YOUTUBE	https://www.youtube.com/watch?v=6RKnhAvRS1o"
"0618-YOUTUBE	https://www.youtube.com/watch?v=iS1szGPBtso"
"0619-YOUTUBE	https://www.youtube.com/watch?v=KEnoBUOOPio"
"0620-YOUTUBE	https://www.youtube.com/watch?v=9R3q94UHIOA"
"0621-YOUTUBE	https://www.youtube.com/watch?v=xAV3NQn8xT4"
"0622-YOUTUBE	https://www.youtube.com/watch?v=n91yDUaTD_w"
"0623-YOUTUBE	https://www.youtube.com/watch?v=_eir2YETtfQ"
"0624-YOUTUBE	https://www.youtube.com/watch?v=F4tXeZU2z-M"
"0625-YOUTUBE	https://www.youtube.com/watch?v=yXTr3-3mYJU"
"0626-YOUTUBE	https://www.youtube.com/watch?v=lE9fQK72Cko"
"0627-YOUTUBE	https://www.youtube.com/watch?v=7LKJXL_ODFM"
"0628-YOUTUBE	https://www.youtube.com/watch?v=Q4nBIpo6VdE"
"0629-YOUTUBE	https://www.youtube.com/watch?v=BNO9yOfRmiw"
"0630-YOUTUBE	https://www.youtube.com/watch?v=tV1aNIDCv8Q"
"0631-YOUTUBE	https://www.youtube.com/watch?v=evLmmW_f870"
"0632-YOUTUBE	https://www.youtube.com/watch?v=pOouef1uqHM"
"0634-YOUTUBE	https://www.youtube.com/watch?v=7VKFA3hm-ls"
"0635-YOUTUBE	https://www.youtube.com/watch?v=BDp_HddaRz8"
"0636-YOUTUBE	https://www.youtube.com/watch?v=FxLw-p29a90"
"0637-YOUTUBE	https://www.youtube.com/watch?v=TVkozz7kyio"
"0638-YOUTUBE	https://www.youtube.com/watch?v=kbpw20MDhAc"
"0639-YOUTUBE	https://www.youtube.com/watch?v=oFuO6_meRxA"
"0640-YOUTUBE	https://www.youtube.com/watch?v=FpCbU-zXFjM"
"0641-YOUTUBE	https://www.youtube.com/watch?v=kQuQs23M2g4"
"0642-YOUTUBE	https://www.youtube.com/watch?v=dxLnuqgnugM"
"0643-YOUTUBE	https://www.youtube.com/watch?v=o52GdWcr7UY"
"0644-YOUTUBE	https://www.youtube.com/watch?v=dpxLOFO8BAs"
"0645-YOUTUBE	https://www.youtube.com/watch?v=2fHB2wacHWU"
"0646-YOUTUBE	https://www.youtube.com/watch?v=9I1QhAi2Xb8"
"0647-YOUTUBE	https://www.youtube.com/watch?v=Vvm7eVVyxi4"
"0648-YOUTUBE	https://www.youtube.com/watch?v=rzTJ9zP-fGc"
"0649-YOUTUBE	https://www.youtube.com/watch?v=6XlOrmrZHsA"
"0650-YOUTUBE	https://www.youtube.com/watch?v=Wq0p-XUtsvo"
"0651-YOUTUBE	https://www.youtube.com/watch?v=PxtKxqoTF2M"
"0652-YOUTUBE	https://www.youtube.com/watch?v=Bwhqwo2BAP8"
"0653-YOUTUBE	https://www.youtube.com/watch?v=GE_ZXFFe2H8"
"0654-YOUTUBE	https://www.youtube.com/watch?v=JGg20t_ixEU"
"0655-YOUTUBE	https://www.youtube.com/watch?v=gK_dWwHBJ5o"
"0656-YOUTUBE	https://www.youtube.com/watch?v=pHSZVVST2cg"
"0657-YOUTUBE	https://www.youtube.com/watch?v=L60jKWJjzIc"
"0658-YOUTUBE	https://www.youtube.com/watch?v=5FPSrFflTxM"
"0659-YOUTUBE	https://www.youtube.com/watch?v=v9FOY-m20EE"
"0660-YOUTUBE	https://www.youtube.com/watch?v=q8GkRgFA-ro"
"0661-YOUTUBE	https://www.youtube.com/watch?v=C66Q-xWja0g"
"0662-YOUTUBE	https://www.youtube.com/watch?v=J93VXXrU2Do"
"0663-YOUTUBE	https://www.youtube.com/watch?v=n8CItiYKCJg"
"0664-YOUTUBE	https://www.youtube.com/watch?v=sYjXOL4dH0E"
"0665-YOUTUBE	https://www.youtube.com/watch?v=1hYUWIt79jM"
"0666-YOUTUBE	https://www.youtube.com/watch?v=Ku2IcUvLvws"
"0667-YOUTUBE	https://www.youtube.com/watch?v=O9H2I4jqhvY"
"0668-YOUTUBE	https://www.youtube.com/watch?v=jwMiOZXCpMU"
"0669-YOUTUBE	https://www.youtube.com/watch?v=rHUI3rHSZu8"
"0670-YOUTUBE	https://www.youtube.com/watch?v=pSlM_BcJjVU"
"0671-YOUTUBE	https://www.youtube.com/watch?v=lOlzuVQsC78"
"0672-YOUTUBE	https://www.youtube.com/watch?v=tr2gZH2J8dc"
"0673-YOUTUBE	https://www.youtube.com/watch?v=2ctxmxF2Pts"
"0674-YOUTUBE	https://www.youtube.com/watch?v=GPweMOGkrw0"
"0676-YOUTUBE	https://www.youtube.com/watch?v=1yR8axLwSpg"
"0678-YOUTUBE	https://www.youtube.com/watch?v=7w00SuErQmc"
"0679-YOUTUBE	https://www.youtube.com/watch?v=XnbXJ_kiVOA"
"0680-YOUTUBE	https://www.youtube.com/watch?v=NLdIHpTuPWA"
"0681-YOUTUBE	https://www.youtube.com/watch?v=qWNKaDHLnrw"
"0682-YOUTUBE	https://www.youtube.com/watch?v=-IQv9-B1N8I"
"0683-YOUTUBE	https://www.youtube.com/watch?v=B_sshLw50fA"
"0684-YOUTUBE	https://www.youtube.com/watch?v=yVGAAtuE9cQ"
"0685-YOUTUBE	https://www.youtube.com/watch?v=VYmcT9LvEMA"






"0006-YOUTUBE	https://www.youtube.com/watch?v=gPPm01HLFXE"DUPLICATE OF 0328
"0016-YOUTUBE	https://www.youtube.com/watch?v=t4JNH9eTjUI"DUPLICATE OF 0003
"0047-YOUTUBE	https://www.youtube.com/watch?v=8DFlljLCM4o"DUPLICATE OF 0020
"0153-YOUTUBE	https://www.youtube.com/watch?v=oKOx1vTPsyI"DUPLICATE OF 0154
"0196-YOUTUBE	https://www.youtube.com/watch?v=Iqn53-24U-Y"DUPLICATE OF 0195
"0201-YOUTUBE	https://www.youtube.com/watch?v=Mx9gA3vhAHI"DUPLICATE OF 0184
"0228-YOUTUBE	https://www.youtube.com/watch?v=dqHZypSHyOs"DUPLICATE OF 0236
"0231-YOUTUBE	https://www.youtube.com/watch?v=61VuPyViuAA"DUPLICATE OF 0222
"0259-YOUTUBE	https://www.youtube.com/watch?v=9hyY_lCeN0M"DUPLICATE OF 0255
"0289-YOUTUBE	https://www.youtube.com/watch?v=3N2Plypn_Bg"DUPLICATE OF 0149
"0310-YOUTUBE	https://www.youtube.com/watch?v=qEtgLwYwXpk"DUPLICATE OF 0100
"0318-YOUTUBE	https://www.youtube.com/watch?v=wz3V80uKl_E"DUPLICATE OF 0114
"0330-YOUTUBE	https://www.youtube.com/watch?v=8k3CIHmEMww"DUPLICATE OF 0329
"0332-YOUTUBE	https://www.youtube.com/watch?v=ksYb7evEMow"DUPLICATE OF 0331
"0333-YOUTUBE	https://www.youtube.com/watch?v=NZNDOH9C5K0"DUPLICATE OF 0334
"0336-YOUTUBE	https://www.youtube.com/watch?v=1K7BHaMS5AY"DUPLICATE OF 0335
"0337-YOUTUBE	https://www.youtube.com/watch?v=44cdrImU26U"DUPLICATE OF 0338
"0340-YOUTUBE	https://www.youtube.com/watch?v=8lODTGjjxF0"DUPLICATE OF 0341
"0343-YOUTUBE	https://www.youtube.com/watch?v=YOxSmppzVPQ"DUPLICATE OF 0342
"0345-YOUTUBE	https://www.youtube.com/watch?v=vzCGx6Q4ajI"DUPLICATE OF 0344
"0347-YOUTUBE	https://www.youtube.com/watch?v=l1NJKstPkEQ"DUPLICATE OF 0346
"0352-YOUTUBE	https://www.youtube.com/watch?v=HPDaMvf41j0"DUPLICATE OF 0351
"0354-YOUTUBE	https://www.youtube.com/watch?v=nKQLWNUYu9w"DUPLICATE OF 0353
"0356-YOUTUBE	https://www.youtube.com/watch?v=7mgN6GiDrt8"DUPLICATE OF 0355
"0360-YOUTUBE	https://www.youtube.com/watch?v=33jK01B_pPI"DUPLICATE OF 0359
"0365-YOUTUBE	https://www.youtube.com/watch?v=Wm2CKDrw4Uo"DUPLICATE OF 0363
"0367-YOUTUBE	https://www.youtube.com/watch?v=fUF6VwXoQjM"DUPLICATE OF 0350
"0370-YOUTUBE	https://www.youtube.com/watch?v=3_kA33Z9IY4"DUPLICATE OF 0368
"0374-YOUTUBE	https://www.youtube.com/watch?v=-Vq9Rwy0Fls"DUPLICATE OF 0373
"0489-YOUTUBE	https://www.youtube.com/watch?v=lx4Ek_kHH2M"DUPLICATE OF 0488
"0617-YOUTUBE	https://www.youtube.com/watch?v=6RKnhAvRS1o"DUPLICATE OF 0616
"0633-YOUTUBE	https://www.youtube.com/watch?v=pOouef1uqHM"DUPLICATE OF 0632
"0200-YOUTUBE	https://www.youtube.com/watch?v=yWgLkOWoJpE"DUPLICATE OF 0199
"0208-YOUTUBE	https://www.youtube.com/watch?v=yWgLkOWoJpE"DUPLICATE OF 0199
"0306-YOUTUBE	https://www.youtube.com/watch?v=LWGnSsF6MmY"DUPLICATE OF 0069
"0349-YOUTUBE	https://www.youtube.com/watch?v=yosIMJJOcF8"DUPLICATE OF 0348
"0366-YOUTUBE	https://www.youtube.com/watch?v=yosIMJJOcF8"DUPLICATE OF 0348
"0611-YOUTUBE	https://www.youtube.com/watch?v=l4HMnnCp45o"DUPLICATE OF 0610
"0612-YOUTUBE	https://www.youtube.com/watch?v=l4HMnnCp45o"DUPLICATE OF 0610
"0675-YOUTUBE	https://www.youtube.com/watch?v=tr2gZH2J8dc"DUPLICATE OF 0672
"0677-YOUTUBE	https://www.youtube.com/watch?v=tr2gZH2J8dc"DUPLICATE OF 0672