"VideoID";"Link"
"0001-YOUTUBE";"https://www.youtube.com/embed/VzrqT-Uvsro"
"0002-YOUTUBE";"https://www.youtube.com/watch?v=KvhkTwwB2Zk"
"0003-YOUTUBE";"https://www.youtube.com/embed/t4JNH9eTjUI"
"0004-YOUTUBE";"https://www.youtube.com/embed/e_3REvlMd84"
"0005-EDGENET";"https://assets.edgenet.com/483daf5d-f998-4ad1-9836-3d93f0131ed7"
"0006-YOUTUBE";"https://www.youtube.com/watch?v=gPPm01HLFXE"
"0007-YOUTUBE";"https://www.youtube.com/watch?v=NqgrZHNB8zw"
"0008-YOUTUBE";"https://www.youtube.com/embed/61n7ZR4ull0"
"0009-YOUTUBE";"https://www.youtube.com/watch?v=OHT17BSHpNc"
"0010-YOUTUBE";"https://www.youtube.com/watch?v=i6M98CfCkZ4"
"0011-YOUTUBE";"https://www.youtube.com/watch?v=In9gPvBz0Hk"
"0012-WIDENNET";"https://milwaukeetool.widen.net/s/rbtks5jjqw/milwaukeer-m12trade-mark-sign-heated-axistrade-mark-sign-layering-system"
"0013-EDGENET";"https://assets.edgenet.com//8d25fa65-ea8f-49ee-8288-5d3e4a7da276"
"0014-EDGENET";"https://assets.edgenet.com/d59d704c-b162-4e96-9b85-48c7232cca30"
"0015-WIDENNET";"https://milwaukeetool.widen.net/s/fdtlnkzvvk/milwaukeer-redlithiumtrad"
"0016-YOUTUBE";"https://www.youtube.com/watch?v=t4JNH9eTjUI"
"0017-EDGENET";"https://assets.edgenet.com/9a6cf600-032c-4dea-a574-dc224f564de0"
"0018-WIDENNET";"https://milwaukeetool.widen.net/s/fwhtdrcxft/milwaukeer_m18trade-mark-"
"0019-EDGENET";"https://assets.edgenet.com//de9e5b6f-f4e2-472f-b8eb-ac85a2e33b08"
"0020-YOUTUBE";"https://www.youtube.com/watch?v=8DFlljLCM4o"
"0021-EDGENET";"https://assets.edgenet.com/fbe686fc-7347-4315-ba1f-ba2f97565909"
"0022-EDGENET";"https://assets.edgenet.com/de9e5b6f-f4e2-472f-b8eb-ac85a2e33b08"
"0023-WIDENNET";"https://milwaukeetool.widen.net/s/w2l7zpqct2/milwaukeer-jobsite-lighti"
"0024-EDGENET";"https://assets.edgenet.com/3241c770-9b21-454b-a707-03dd068d1744"
"0025-YOUTUBE";"https://www.youtube.com/embed/zM7TAM-rLAY?rel=0"
"0026-EDGENET";"https://assets.edgenet.com/0b312cb7-3007-40e5-9acf-80ebf867592a"
"0027-EDGENET";"https://assets.edgenet.com/867c79af-a329-40e9-b67d-cc3a9a687560"
"0028-EDGENET";"https://assets.edgenet.com/bbdc6d25-272a-40b7-8911-d3fc9818e174"
"0029-WIDENNET";"https://milwaukeetool.widen.net/s/77vdbwqwwl/milwaukeer-m12trade-mark-"
"0030-YOUTUBE";"https://www.youtube.com/watch?v=C1c-WvVtE6I"
"0031-YOUTUBE";"https://www.youtube.com/watch?v=3-WfsBsASIA"
"0032-YOUTUBE";"https://www.youtube.com/watch?v=C_iPbaPf44M"
"0033-WIDENNET";"https://milwaukeetool.widen.net/s/2mgfxghf27/milwaukeer-m12trade-mark-sign-heated-axistrade-mark-sign-jackets-and-vest_wo-callouts"
"0034-EDGENET";"https://assets.edgenet.com//2d9b75f9-ea78-4a46-85f0-5610df0a76db"
"0035-YOUTUBE";"https://www.youtube.com/watch?v=uWY3GPGbAmo"
"0036-YOUTUBE";"https://www.youtube.com/watch?v=aKUKvQsUeRc"
"0037-WIDENNET";"https://milwaukeetool.widen.net/s/rhcxp9gbx6/2365_m18-rover-flood-ligh"
"0038-EDGENET";"https://assets.edgenet.com/b81889db-bc00-43c4-a9d8-d159a59bbc2b"
"0039-WIDENNET";"https://milwaukeetool.widen.net/s/b7nxfbpd9s/2402_m12_fuel_screwdriver"
"0040-EDGENET";"https://assets.edgenet.com/cbf6e72f-966a-4231-9e72-a08206a19267"
"0041-WIDENNET";"https://milwaukeetool.widen.net/s/5926sbhffj/2407_m12_nextgen_3_8_dril"
"0042-EDGENET";"https://assets.edgenet.com//308fd718-083f-486e-8ae3-8c9f2bcd99f4"
"0043-EDGENET";"https://assets.edgenet.com//52e5085f-13ba-46b7-af51-ef3432745035"
"0044-WIDENNET";"https://milwaukeetool.widen.net/s/lhtsz7c8pr/2415_m12_rightangle_drill"
"0045-EDGENET";"https://assets.edgenet.com//a536b01d-5e78-4e86-afdf-c0d86456c9a8"
"0046-WIDENNET";"https://milwaukeetool.widen.net/s/qa47yywkus/milwaukeer-m12trade-mark-"
"0047-YOUTUBE";"https://www.youtube.com/embed/8DFlljLCM4o"
"0048-WIDENNET";"https://milwaukeetool.widen.net/s/sxxqgp5jw8/2446_m12_greasegun"
"0049-WIDENNET";"https://milwaukeetool.widen.net/s/vrbhc6srlj/2452_2454_m12_fuel-impact"
"0050-WIDENNET";"https://milwaukeetool.widen.net/s/kw6cfd5lxf/2456_m12_ratchet"
"0051-YOUTUBE";"https://www.youtube.com/embed/C7Klzgnm7AQ"
"0052-WIDENNET";"https://milwaukeetool.widen.net/s/svhmpzzs29/2460_m12_rotary_tool"
"0053-WIDENNET";"https://milwaukeetool.widen.net/s/bc8lvzcpqh/m12fuel_digitaltorquewren"
"0054-EDGENET";"https://assets.edgenet.com/f5ea9be5-6057-4c5e-9130-cebd701d7ec6"
"0055-EDGENET";"https://assets.edgenet.com/4639ed3b-bdc1-4cf0-8060-631f17101e03"
"0056-WIDENNET";"https://milwaukeetool.widen.net/s/2vkh6k6xlh/2470_m12_pvc_shear"
"0057-WIDENNET";"https://milwaukeetool.widen.net/s/swn9wswjz7/2471_m12_copper_tubing_cu"
"0058-WIDENNET";"https://milwaukeetool.widen.net/s/6cqrnplszx/m12_m18_-forcelogic"
"0059-EDGENET";"https://assets.edgenet.com//99d5bb66-c4a1-46ae-b88a-6e550593369b"
"0060-YOUTUBE";"https://www.youtube.com/watch?v=lcTV3wWxwuw"
"0061-YOUTUBE";"https://www.youtube.com/watch?v=ddE8-e10d-g"
"0062-YOUTUBE";"https://www.youtube.com/watch?v=L4SDkxuNr0o"
"0063-YOUTUBE";"https://www.youtube.com/watch?v=RJf-eb8vCuI"
"0064-EDGENET";"https://assets.edgenet.com//0e2f52a1-6003-4af6-a831-3d03a0fcd519"
"0065-EDGENET";"https://assets.edgenet.com//5bc3d6e0-2120-43fe-85d7-0671b5a84e2c"
"0066-WIDENNET";"https://milwaukeetool.widen.net/s/5zggqjx86v/2520_m12_fuel_hackzall"
"0067-EDGENET";"https://assets.edgenet.com//d066cbfb-e56a-4887-9d8f-9d38c87725ed"
"0068-YOUTUBE";"https://www.youtube.com/watch?v=XjaQeJ4wu6s"
"0069-YOUTUBE";"https://www.youtube.com/watch?v=LWGnSsF6MmY"
"0070-WIDENNET";"https://milwaukeetool.widen.net/s/uhtnqt9fe4/milwaukeer-m12-fueltrade-"
"0071-EDGENET";"https://assets.edgenet.com/d066cbfb-e56a-4887-9d8f-9d38c87725ed"
"0072-SMUGMUG";"https://milwaukeetoolca.smugmug.com/Milwaukee-Brand-Videos-/French-Videos/n-Vjrd3Q/i-8NGLsjZ/A"
"0073-YOUTUBE";"https://www.youtube.com/watch?v=ufxyJmrX6z0"
"0074-EDGENET";"https://assets.edgenet.com/b353a1a4-9a06-4ff1-adbe-b7fabd64f3e3"
"0075-EDGENET";"https://assets.edgenet.com//21106bda-7801-4383-8410-be475d660126"
"0076-EDGENET";"https://assets.edgenet.com/94db1034-4131-42cb-b896-a7ccfa2789ec"
"0077-YOUTUBE";"https://www.youtube.com/watch?v=ltDReXejve2"
"0078-EDGENET";"https://assets.edgenet.com/990b150a-85a5-47c0-8878-52a255137308"
"0079-EDGENET";"https://assets.edgenet.com/acfcf507-ddd0-4175-a7ee-f61914ff8266"
"0080-EDGENET";"https://assets.edgenet.com/cc087b91-31c9-4e14-bada-629593bef04f"
"0081-WIDENCDN";"https://p.widencdn.net/iotvzl/Milwaukee-M12-System-Overview_WOCallouts"
"0082-YOUTUBE";"https://www.youtube.com/watch?v=Kk-8Ph35GO0"
"0083-YOUTUBE";"https://www.youtube.com/watch?v=Kk-8Ph35GO1"
"0084-EDGENET";"https://assets.edgenet.com//1bf2f478-bc77-4c95-ac2e-a348409547de"
"0085-EDGENET";"https://assets.edgenet.com/1bf2f478-bc77-4c95-ac2e-a348409547de"
"0086-EDGENET";"https://assets.edgenet.com//903a543c-cfb9-4519-8bea-f19c6157946b"
"0087-YOUTUBE";"https://www.youtube.com/watch?v=JfBSM-rnAzw"
"0088-EDGENET";"https://assets.edgenet.com/903a543c-cfb9-4519-8bea-f19c6157946b"
"0089-EDGENET";"https://assets.edgenet.com//0979b349-7c10-44d1-953f-37965bb9ba2a"
"0090-EDGENET";"https://assets.edgenet.com/0979b349-7c10-44d1-953f-37965bb9ba2a"
"0091-EDGENET";"https://assets.edgenet.com/4f091c28-30b6-4781-a56d-13993da19581"
"0092-EDGENET";"https://assets.edgenet.com/5c746302-cb02-45c3-9e12-5ee12b5bae86"
"0093-WIDENNET";"https://milwaukeetool.widen.net/s/xd7wxkdjls/2606_m18_1_2_drilldriver"
"0094-YOUTUBE";"https://www.youtube.com/embed/_MU11eJPudU"
"0095-WIDENNET";"https://milwaukeetool.widen.net/s/wm88wzgzxo/milwaukeer_m18trade-mark-"
"0096-YOUTUBE";"https://www.youtube.com/watch?v=i-zPhKSUkIs"
"0097-WIDENNET";"https://milwaukeetool.widen.net/s/jfpnvphfdc/2625_m18_hackzall"
"0098-WIDENNET";"https://milwaukeetool.widen.net/s/mgkvjtr79h/2630_m18_circular_saw"
"0099-WIDENNET";"https://milwaukeetool.widen.net/s/5lgpdrwcj8/2646_m18_greasegun"
"0100-YOUTUBE";"https://www.youtube.com/watch?v=qEtgLwYwXpk"
"0101-WIDENNET";"https://milwaukeetool.widen.net/s/lgj9f7hfnh/2674_m18_short_throw_pres"
"0102-WIDENNET";"https://milwaukeetool.widen.net/s/bcsvltwjzs/2672_2679_m18_forcelogic_"
"0103-YOUTUBE";"https://www.youtube.com/embed/2zMCpiP8isQ"
"0104-WIDENNET";"https://milwaukeetool.widen.net/s/qgds2scbv7/2719_m18_fuel-hackzall_wo"
"0105-WIDENNET";"https://milwaukeetool.widen.net/s/cz8bllszrs/m18-fueltrade-mark-sign-s"
"0106-YOUTUBE";"https://www.youtube.com/watch?v=NCAiuv50VoE"
"0107-YOUTUBE";"https://www.youtube.com/watch?v=tIBt4MYBl1s&t=16s"
"0108-EDGENET";"https://assets.edgenet.com/6e571d76-710d-4ecc-8687-5b9dd051bb35"
"0109-WIDENNET";"https://milwaukeetool.widen.net/s/prdp5rjsfk/m18-fueltrade-mark-sign-c"
"0110-WIDENNET";"https://milwaukeetool.widen.net/s/6slxzwkd2v/2730_m18_fuel_61_2_circul"
"0111-YOUTUBE";"https://www.youtube.com/embed/BmTg77DiETM"
"0112-EDGENET";"https://assets.edgenet.com/7b549afd-50db-42cb-b8f7-22a0f5626593"
"0113-EDGENET";"https://assets.edgenet.com/edc03997-bf5c-406a-992e-6fa91fcc878b"
"0114-YOUTUBE";"https://www.youtube.com/watch?v=wz3V80uKl_E"
"0115-WIDENNET";"https://milwaukeetool.widen.net/s/kp5jwcgclx/2738_m18_fuel_7_polisher"
"0116-YOUTUBE";"https://www.youtube.com/watch?v=XSNBBd4fUf4"
"0117-WIDENNET";"https://milwaukeetool.widen.net/s/xgv9vdpnxn/milwaukeer-m18-fueltrade-"
"0118-PLAYERVIMEO";"https://player.vimeo.com/video/658833962?h=e57566bd3a&color=db011c"
"0119-YOUTUBE";"https://www.youtube.com/watch?v=AxkpocklIbk"
"0120-YOUTUBE";"https://www.youtube.com/watch?v=YbMZuVBv-1k"
"0121-WIDENNET";"https://milwaukeetool.widen.net/s/grdzqw9r6t/2760_m18_fuel_surge_hydra"
"0122-YOUTUBE";"https://www.youtube.com/watch?v=PTy8_T3EvVQ"
"0123-EDGENET";"https://assets.edgenet.com/71142688-776b-45cc-b2cb-388ab0aa56ca"
"0124-WIDENNET";"https://milwaukeetool.widen.net/s/tpmjw9xmvg/2782_m18_fuel_metal_saw"
"0125-WIDENNET";"https://milwaukeetool.widen.net/s/lw5qswxxlq/2792_bluetooth_radio"
"0126-YOUTUBE";"https://www.youtube.com/watch?v=ufjAUrzdUCI"
"0127-YOUTUBE";"https://www.youtube.com/watch?v=bg0XZBQ5UWI"
"0128-YOUTUBE";"https://www.youtube.com/embed/jxKZSZaJ3MA"
"0129-YOUTUBE";"https://www.youtube.com/watch?v=45s1Zou7QrI"
"0130-YOUTUBE";"https://www.youtube.com/watch?v=GPmgR23E4d8"
"0131-YOUTUBE";"https://www.youtube.com/watch?v=gjCiJsV7AfA"
"0132-EDGENET";"https://assets.edgenet.com/ec9975f2-851c-4d1f-90c5-07dd6585050c"
"0133-YOUTUBE";"https://www.youtube.com/watch?v=lPEpd9XdBV4"
"0134-EDGENET";"https://assets.edgenet.com//77287abe-e0e9-4d99-83e8-3622727cdf05"
"0135-YOUTUBE";"https://www.youtube.com/watch?v=Z2Rk3Nsj8fE"
"0136-YOUTUBE";"https://www.youtube.com/watch?v=8Ntq3hvxFnI"
"0137-YOUTU-BE";"https://youtu.be/PJB4fPLluII?si=-hOCfiEoSJWt5H7T"
"0138-YOUTUBE";"https://www.youtube.com/watch?v=Sru3GgFLof0"
"0139-YOUTUBE";"https://www.youtube.com/embed/QVxxUKry8kk"""
"0140-YOUTUBE";"https://www.youtube.com/watch?v=PXugDgrAL_0"
"0141-YOUTUBE";"https://www.youtube.com/embed/aW_kYAVz_Zk"
"0142-WIDENNET";"https://milwaukeetool.widen.net/s/t8hksjrfvp/milwaukeer-m18-fueltrade-"
"0143-YOUTUBE";"https://www.youtube.com/embed/YHQB4JRGX20"
"0144-WIDENNET";"https://milwaukeetool.widen.net/s/rznqfwpjzc/2866_m18_fuel_drywall_scr"
"0145-YOUTUBE";"https://www.youtube.com/watch?v=XKKCNP42zVQ"
"0146-YOUTUBE";"https://www.youtube.com/watch?v=h-V1clLAI-E"
"0147-YOUTUBE";"https://www.youtube.com/watch?v=N0qg9Ji5i0Y"
"0148-YOUTUBE";"https://www.youtube.com/watch?v=2igSaYH_XsY"
"0149-YOUTUBE";"https://www.youtube.com/watch?v=3N2Plypn_Bg"
"0150-YOUTUBE";"https://www.youtube.com/watch?v=-p_dDh0IA_0"
"0151-YOUTUBE";"https://www.youtube.com/embed/Xfa1b17Q5dw"
"0152-VIMEO";"https://vimeo.com/658692112"
"0153-YOUTUBE";"https://www.youtube.com/embed/oKOx1vTPsyI"
"0154-YOUTUBE";"https://www.youtube.com/watch?v=oKOx1vTPsyI"
"0155-WIDENNET";"https://milwaukeetool.widen.net/s/gxb2vp92ch/2891_m12_m18_jobsite_spea"
"0156-YOUTUBE";"https://www.youtube.com/embed/2iXw_x2Q_ZU"
"0157-YOUTUBE";"https://www.youtube.com/watch?v=kkCzn0xIpmQ"
"0158-YOUTUBE";"https://www.youtube.com/embed/XEbh05vM5C8"
"0159-SMUGMUG";"https://milwaukeetoolca.smugmug.com/Milwaukee-Brand-Videos-/French-Videos/n-Vjrd3Q/i-BvFMkm7/A"
"0160-EDGENET";"https://assets.edgenet.com/093f084b-106e-4600-9f2f-b2711cd3a3ad"
"0161-YOUTUBE";"https://www.youtube.com/watch?v=fDXZjxJP2-A"
"0162-YOUTUBE";"https://www.youtube.com/embed/kvFzrMNxHeQ?si=UICdxt6vWD0ELQA7"
"0163-EDGENET";"https://assets.edgenet.com/f320e9fa-d1d0-4654-9a48-83e869730fb2"
"0164-YOUTUBE";"https://www.youtube.com/embed/4KmsWV01skY?si=uQYn0aA76P0augfN"
"0165-YOUTUBE";"https://www.youtube.com/watch?v=4hxiBlOGL6Q"
"0166-YOUTUBE";"https://www.youtube.com/embed/RPBsNGqJYnU"
"0167-YOUTUBE";"https://www.youtube.com/watch?v=ZRjt-fraF7I"
"0168-EDGENET";"https://assets.edgenet.com//cfc17785-11d4-45c6-9731-2b2ce5f67357"
"0169-YOUTUBE";"https://www.youtube.com/embed/eDhByGWlE_A"
"0170-YOUTUBE";"https://www.youtube.com/watch?v=JsOVq1pL8Aw"
"0171-EDGENET";"https://assets.edgenet.com/b37ee2d7-6777-4a8b-b5c4-77db8eb4ea2b"
"0172-YOUTUBE";"https://www.youtube.com/watch?v=J3U4Ch7xe7w"
"0173-WIDENNET";"https://milwaukeetool.widen.net/s/5wbfsb9xgv/milwaukeer-m18-fueltrade-"
"0174-YOUTUBE";"https://www.youtube.com/watch?v=j3b4uDYRtrE"
"0175-WIDENNET";"https://milwaukeetool.widen.net/s/lvzqgdnqjw/milwaukeer-m18-fueltrade-"
"0176-SMUGMUG";"https://milwaukeetoolca.smugmug.com/Milwaukee-Brand-Videos-/French-Videos/n-Vjrd3Q/i-XXhk3M7/A"
"0177-YOUTUBE";"https://www.youtube.com/watch?v=tKjwnep-t0E"
"0178-EDGENET";"https://assets.edgenet.com/8dd3ba14-70b0-4dc1-9b22-2c23b777bed4"
"0179-YOUTUBE";"https://www.youtube.com/embed/rZQza36rFHw"
"0180-YOUTUBE";"https://www.youtube.com/embed/XB_4atBVqO8"
"0181-WIDENNET";"https://milwaukeetool.widen.net/s/vg9hgtfkmf/roll-ontrade-mark-sign-3600w7200w-power-supply_youtube"
"0182-WIDENNET";"https://milwaukeetool.widen.net/s/vl9pvldhbr/milwaukeer-womens-workwear"
"0183-YOUTUBE";"https://www.youtube.com/embed/zAvhGUrmwc4"
"0184-YOUTUBE";"https://www.youtube.com/embed/Mx9gA3vhAHI"
"0185-YOUTUBE";"https://www.youtube.com/embed/_5Yaa0fXVMI?si=fyddmqv5rN7HDboD"
"0186-YOUTUBE";"https://www.youtube.com/embed/jO48v_h__yA?si=-iqpIT-EEUrbAW1V"
"0187-EDGENET";"https://assets.edgenet.com//6d7682ce-7882-48ff-ab41-7bace5e11386"
"0188-EDGENET";"https://assets.edgenet.com/a9772990-e463-45f9-bb02-18440f30f022"
"0189-EDGENET";"https://assets.edgenet.com//309d9d24-7dbb-4ed6-85e3-aa09db62b76f"
"0190-YOUTUBE";"https://www.youtube.com/embed/4LA3I7efF1M"
"0191-SMUGMUG";"https://milwaukeetoolca.smugmug.com/Milwaukee-Brand-Videos-/French-Videos/n-Vjrd3Q/i-ffvVLBX/A"
"0192-EDGENET";"https://assets.edgenet.com/6d7682ce-7882-48ff-ab41-7bace5e11386"
"0193-EDGENET";"https://assets.edgenet.com/309d9d24-7dbb-4ed6-85e3-aa09db62b76f"
"0194-SMUGMUG";"https://milwaukeetoolca.smugmug.com/Milwaukee-Brand-Videos-/French-Videos/n-Vjrd3Q/i-QF9wsbz/A"
"0195-YOUTUBE";"https://www.youtube.com/embed/Iqn53-24U-Y"
"0196-YOUTUBE";"www.youtube.com/embed/Iqn53-24U-Y"
"0197-YOUTUBE";"https://www.youtube.com/embed/EuO88jo2qMU"
"0198-YOUTUBE";"https://www.youtube.com/embed/tDzj972Ypio?si=L6bLAVHWe37yE0Gd"
"0199-YOUTUBE";"https://www.youtube.com/embed/yWgLkOWoJpE?si=kVKqOWEbksic0Ni0"
"0200-YOUTUBE";"https://www.youtube.com/embed/yWgLkOWoJpE?si=-4Hci-4orHCyLFRb"
"0201-YOUTUBE";"https://www.youtube.com/watch?v=Mx9gA3vhAHI"
"0202-YOUTUBE";"https://www.youtube.com/watch?v=EDcDngaAVxc"
"0203-YOUTUBE";"https://www.youtube.com/watch?v=6ktPFR4wD-s"
"0204-EDGENET";"https://assets.edgenet.com//7a4ee311-faa7-4abd-98b8-b04ee0841553"
"0205-YOUTUBE";"https://www.youtube.com/watch?v=A53bmMrBLDA"
"0206-YOUTUBE";"https://www.youtube.com/watch?v=0axbpDOdeJo"
"0207-EDGENET";"https://assets.edgenet.com//406cb7f3-247e-41fe-aac8-57f851b6ac29"
"0208-YOUTUBE";"https://www.youtube.com/watch?v=yWgLkOWoJpE"
"0209-YOUTUBE";"https://www.youtube.com/embed/rhzxLymECWU"
"0210-YOUTUBE";"https://www.youtube.com/watch?v=mDRQYGocC34"
"0211-EDGENET";"https://assets.edgenet.com/7a4ee311-faa7-4abd-98b8-b04ee0841553"
"0212-EDGENET";"https://assets.edgenet.com/406cb7f3-247e-41fe-aac8-57f851b6ac29"
"0213-EDGENET";"https://assets.edgenet.com/441a8818-8f37-4fa5-b942-c2be437b455a"
"0214-YOUTUBE";"https://www.youtube.com/embed/GVjJ3b9KVl0"
"0215-EDGENET";"https://assets.edgenet.com//0d83f4b5-260d-4c12-adad-938985f92d25"
"0216-YOUTUBE";"https://www.youtube.com/embed/PJB4fPLluII"
"0217-ZERO";"0"
"0218-WIDENNET";"https://milwaukeetool.widen.net/s/5ppwzt9wlb/m18trade-mark-sign-redlit"
"0219-YOUTUBE";"https://www.youtube.com/watch?v=8xaEb_ZHb7s"
"0220-WIDENNET";"https://milwaukeetool.widen.net/s/vjzmzmqszg/milwaukeer-m18trade-mark-sign-milwaukeer-redlithiumtrade-mark-sign-forgetrade-mark-sign-hd12"
"0221-SMUGMUG";"https://milwaukeetoolca.smugmug.com/Milwaukee-Brand-Videos-/French-Videos/n-Vjrd3Q/i-QtM7jBC/A"
"0222-YOUTUBE";"https://www.youtube.com/embed/61VuPyViuAA"
"0223-WIDENNET";"https://milwaukeetool.widen.net/s/f5827qvqqc/m18_redlithium_xc5.0"
"0224-SMUGMUG";"https://milwaukeetoolca.smugmug.com/Milwaukee-Brand-Videos-/French-Videos/n-Vjrd3Q/i-X9B6wZx/A"
"0225-WIDENCOLLECTIVE";"https://milwaukeetool.widencollective.com/assets/share/asset/1sxuzxpyvl"
"0226-YOUTUBE";"https://www.youtube.com/embed/3fTI3lEKsbc"
"0227-YOUTUBE";"https://www.youtube.com/watch?v=EA8GlnNQKcw"
"0228-YOUTUBE";"https://www.youtube.com/embed/dqHZypSHyOs"
"0229-YOUTUBE";"https://www.youtube.com/embed/FUCQo_wYR4s"
"0230-YOUTUBE";"https://www.youtube.com/watch?v=gt70f5jx2YU"
"0231-YOUTUBE";"https://www.youtube.com/watch?v=61VuPyViuAA"
"0232-YOUTUBE";"https://www.youtube.com/embed/1csnNAU01aM"
"0233-YOUTUBE";"https://www.youtube.com/embed/DJlBbhwz_FQ"
"0234-YOUTUBE";"https://www.youtube.com/watch?v=JrP2Tc5TBng"
"0235-YOUTUBE";"https://www.youtube.com/watch?v=FMHZsg1y328"
"0236-YOUTUBE";"https://www.youtube.com/watch?v=dqHZypSHyOs"
"0237-YOUTUBE";"https://www.youtube.com/embed/39alLJKo3_s"
"0238-EDGENET";"https://assets.edgenet.com/cd685dae-966a-46b6-88bb-59685079de12"
"0239-EDGENET";"https://assets.edgenet.com/44d3c6da-1b89-4701-af6c-a111f38a2c04"
"0240-YOUTUBE";"https://www.youtube.com/watch?v=rQ_vj6Z7qNk"
"0241-YOUTU-BE";"https://youtu.be/G_wobJ0jRFs"
"0242-EDGENET";"https://assets.edgenet.com//8656c7a5-808a-46a0-89bb-af665aa71ee4"
"0243-YOUTUBE";"https://www.youtube.com/embed/NrJ5ocCWQqc"
"0244-YOUTUBE";"https://www.youtube.com/embed/4-k6GjnCMcs"
"0245-YOUTUBE";"https://www.youtube.com/embed/MVnucmmI2bo"
"0246-YOUTUBE";"https://www.youtube.com/embed/oTDaevFtDh0"
"0247-EDGENET";"https://assets.edgenet.com//8a453ab7-cff4-442a-adec-255a6393b6a6"
"0248-WIDENNET";"https://milwaukeetool.widen.net/s/22qwbqsmwg/milwaukee_pliers"
"0249-EDGENET";"https://assets.edgenet.com//2b6ef32e-d404-4a40-b56b-db50a30fc48c"
"0250-EDGENET";"https://assets.edgenet.com/2b6ef32e-d404-4a40-b56b-db50a30fc48c"
"0251-YOUTUBE";"https://www.youtube.com/embed/a8Qkh6pYU2s"
"0252-YOUTUBE";"https://www.youtube.com/embed/gPZ9HqKGO2o"
"0253-EDGENET";"https://assets.edgenet.com//177a9e37-4ff3-428b-a74b-ee20c8e0d3e5"
"0254-SMUGMUG";"https://milwaukeetoolca.smugmug.com/Milwaukee-Brand-Videos-/French-Videos/n-Vjrd3Q/i-8nbKkwK/A"
"0255-YOUTUBE";"https://www.youtube.com/watch?v=9hyY_lCeN0M"
"0256-SMUGMUG";"https://milwaukeetoolca.smugmug.com/Milwaukee-Brand-Videos-/French-Videos/n-Vjrd3Q/i-4zT47S3/A"
"0257-YOUTUBE";"https://www.youtube.com/watch?v=QB1KtvE4or4"
"0258-YOUTUBE";"https://www.youtube.com/watch?v=5rX6sWzUIwU"
"0259-YOUTUBE";"https://www.youtube.com/embed/9hyY_lCeN0M?rel=0"
"0260-YOUTUBE";"https://www.youtube.com/watch?v=zFlaFJwKwas"
"0261-WIDENNET";"https://milwaukeetool.widen.net/s/vlqbchqwvr/milwaukeer-packouttrade-m"
"0262-WIDENNET";"https://milwaukeetool.widen.net/s/ikima3tvan/milwaukee_packout_modular"
"0263-SMUGMUG";"https://milwaukeetoolca.smugmug.com/Milwaukee-Brand-Videos-/French-Videos/n-Vjrd3Q/i-dKLpnvT/A"
"0264-YOUTUBE";"https://www.youtube.com/watch?v=BzuNbEQcmGI"
"0265-YOUTUBE";"https://www.youtube.com/embed/8LfQvx7P3ew"
"0266-YOUTUBE";"https://www.youtube.com/watch?v=KP6NFiax2rk"
"0267-YOUTUBE";"https://www.youtube.com/watch?v=tN47Y9S6v-0"
"0268-SMUGMUG";"https://milwaukeetoolca.smugmug.com/Milwaukee-Brand-Videos-/French-Videos/n-Vjrd3Q/i-7mGJK65/A"
"0269-YOUTUBE";"https://www.youtube.com/watch?v=Bv8BK6Ldnd4"
"0270-YOUTUBE";"https://www.youtube.com/watch?v=-fdaF5ZTYIo"
"0271-SMUGMUG";"https://milwaukeetoolca.smugmug.com/Milwaukee-Brand-Videos-/French-Videos/n-Vjrd3Q/i-x83kgM8/A"
"0272-YOUTUBE";"https://www.youtube.com/watch?v=CF8vm2PzhnM"
"0273-SMUGMUG";"https://milwaukeetoolca.smugmug.com/Milwaukee-Brand-Videos-/French-Videos/n-Vjrd3Q/i-bLdP6px/A"
"0274-YOUTUBE";"https://www.youtube.com/watch?v=2hZb2H_DkFE"
"0275-YOUTUBE";"https://www.youtube.com/watch?v=qPmHIgwzO8o"
"0276-YOUTUBE";"https://www.youtube.com/embed/ZrzhFp0Pis4"
"0277-EDGENET";"https://assets.edgenet.com/00128b8b-c6f0-4052-a63a-d24531715a01"
"0278-EDGENET";"https://assets.edgenet.com/25008c43-23c1-4048-81d0-a53f076d98c8"
"0279-YOUTUBE";"https://www.youtube.com/embed/zkHzZKuRUwk"
"0280-YOUTUBE";"https://www.youtube.com/embed/Yig_0fsIgWE"
"0281-YOUTUBE";"https://www.youtube.com/embed/7Hmc_gsgaZQ"
"0282-YOUTUBE";"https://www.youtube.com/watch?v=P1S1u497fyo"
"0283-WIDENNET";"https://milwaukeetool.widen.net/s/plcnq8mnjp/milwaukeer-circular-saw-b"
"0284-YOUTUBE";"https://www.youtube.com/embed/dzLESZEljV8"
"0285-YOUTUBE";"https://www.youtube.com/embed/ggAG5yBbC_Q"
"0286-EDGENET";"https://assets.edgenet.com/b46cf7fe-1bfe-44cf-ac4f-17d08724710f"
"0287-EDGENET";"https://assets.edgenet.com//b46cf7fe-1bfe-44cf-ac4f-17d08724710f"
"0288-YOUTUBE";"https://www.youtube.com/embed/KZm7juR_yFU"
"0289-YOUTUBE";"https://www.youtube.com/embed/3N2Plypn_Bg"
"0290-SMUGMUG";"https://milwaukeetoolca.smugmug.com/Milwaukee-Brand-Videos-/French-Videos/n-Vjrd3Q/i-jqQ9jxv/A"
"0291-SMUGMUG";"https://milwaukeetoolca.smugmug.com/Milwaukee-Brand-Videos-/French-Videos/n-Vjrd3Q/i-qgcCHkC/A"
"0292-YOUTUBE";"https://www.youtube.com/embed/M3sEQ9Nq_Tw"
"0293-YOUTUBE";"https://www.youtube.com/embed/VEiQ3b-h3x8"
"0294-YOUTUBE";"https://www.youtube.com/embed/UX"
"0295-EDGENET";"https://assets.edgenet.com/281b2a92-d164-468a-8168-49390e69b54d"
"0296-YOUTUBE";"https://www.youtube.com/watch?v=cA65G7Bnah0"
"0297-EDGENET";"https://assets.edgenet.com/26e318e3-c463-420d-8f26-31f77c1ad073"
"0298-YOUTUBE";"https://www.youtube.com/embed/pmTVINUPwC8"
"0299-WIDENNET";"https://milwaukeetool.widen.net/s/ttjzghffd8/milwaukeer-n95-valved-res"
"0300-YOUTUBE";"https://www.youtube.com/embed/DO69GrCaGyE"
"0301-EDGENET";"https://assets.edgenet.com/fdd153d7-25ee-46a0-a137-9ef65f8b48ce"
"0302-YOUTUBE";"https://www.youtube.com/embed/e1uzD5dgx9M"
"0303-YOUTUBE";"https://www.youtube.com/watch?v=XYw-tSGfgi4"
"0304-YOUTUBE";"https://www.youtube.com/embed/ejM2dofOSDk"
"0305-YOUTUBE";"https://www.youtube.com/embed/5P4Fi_Hck5Y"
"0306-YOUTUBE";"https://www.youtube.com/embed/LWGnSsF6MmY"
"0307-YOUTUBE";"https://www.youtube.com/embed/Bh91_VkdaB0"
"0308-YOUTUBE";"https://www.youtube.com/embed/zKc_dGNq0iw"
"0309-YOUTUBE";"https://www.youtube.com/embed/WEuYmx9Sa34"
"0310-YOUTUBE";"https://www.youtube.com/embed/qEtgLwYwXpk"
"0311-WIDENNET";"https://milwaukeetool.widen.net/s/svk7qkfghc/milwaukeer-m18-fueltrade-"
"0312-YOUTUBE";"https://www.youtube.com/watch?v=sUV6QFw6r2I"
"0313-SMUGMUG";"https://milwaukeetoolca.smugmug.com/Milwaukee-Brand-Videos-/French-Videos/n-Vjrd3Q/i-qmcc7Sm/A"
"0314-YOUTUBE";"https://www.youtube.com/watch?v=0MdlG9wbjvs"
"0315-YOUTUBE";"https://www.youtube.com/embed/1AB26oYDpik"
"0316-YOUTUBE";"https://www.youtube.com/embed/fEb_jYbRc2E"
"0317-YOUTUBE";"https://www.youtube.com/embed/6Gz3MzSD_lU"
"0318-YOUTUBE";"https://www.youtube.com/embed/wz3V80uKl_E"
"0319-EDGENET";"https://assets.edgenet.com/0531f3fe-6cc8-4de1-8ea8-3b939d7fa97d"
"0320-EDGENET";"https://assets.edgenet.com/43e3c29d-262b-46d7-b461-eac8cc6204c1"
"0321-EDGENET";"https://assets.edgenet.com//43e3c29d-262b-46d7-b461-eac8cc6204c1"
"0322-YOUTUBE";"https://www.youtube.com/embed/kNVS9V_NM2s"
"0323-EDGENET";"https://assets.edgenet.com/21620566-8d34-4cd9-840b-69e7b322db7e"
"0324-YOUTUBE";"https://www.youtube.com/embed/AvevXPSeVCk0"
"0325-YOUTUBE";"https://www.youtube.com/embed/5mQ479DR6rM0"
"0326-YOUTUBE";"https://www.youtube.com/embed/PPAyiKnxqEY0"
"0327-YOUTUBE";"https://www.youtube.com/embed/uZ8osKYNxpI0"
"0328-YOUTUBE";"https://www.youtube.com/embed/gPPm01HLFXE0"
"0329-YOUTUBE";"https://www.youtube.com/embed/8k3CIHmEMww0"
"0330-YOUTUBE";"https://www.youtube.com/watch?v=8k3CIHmEMww"
"0331-YOUTUBE";"https://www.youtube.com/embed/ksYb7evEMow0"
"0332-YOUTUBE";"https://www.youtube.com/watch?v=ksYb7evEMow"
"0333-YOUTUBE";"https://www.youtube.com/embed/NZNDOH9C5K00"
"0334-YOUTUBE";"https://www.youtube.com/watch?v=NZNDOH9C5K0"
"0335-YOUTUBE";"https://www.youtube.com/embed/1K7BHaMS5AY0"
"0336-YOUTUBE";"https://www.youtube.com/watch?v=1K7BHaMS5AY"
"0337-YOUTUBE";"https://www.youtube.com/embed/44cdrImU26U0"
"0338-YOUTUBE";"https://www.youtube.com/watch?v=44cdrImU26U"
"0339-YOUTUBE";"https://www.youtube.com/embed/phnF0C3_tek"
"0340-YOUTUBE";"https://www.youtube.com/embed/8lODTGjjxF00"
"0341-YOUTUBE";"https://www.youtube.com/watch?v=8lODTGjjxF0"
"0342-YOUTUBE";"https://www.youtube.com/embed/YOxSmppzVPQ0"
"0343-YOUTUBE";"https://www.youtube.com/watch?v=YOxSmppzVPQ"
"0344-YOUTUBE";"https://www.youtube.com/embed/vzCGx6Q4ajI0"
"0345-YOUTUBE";"https://www.youtube.com/watch?v=vzCGx6Q4ajI"
"0346-YOUTUBE";"https://www.youtube.com/embed/l1NJKstPkEQ0"
"0347-YOUTUBE";"https://www.youtube.com/watch?v=l1NJKstPkEQ"
"0348-YOUTUBE";"https://www.youtube.com/embed/yosIMJJOcF8"
"0349-YOUTUBE";"https://www.youtube.com/embed/yosIMJJOcF80"
"0350-YOUTUBE";"https://www.youtube.com/embed/fUF6VwXoQjM"
"0351-YOUTUBE";"https://www.youtube.com/embed/HPDaMvf41j00"
"0352-YOUTUBE";"https://www.youtube.com/watch?v=HPDaMvf41j0"
"0353-YOUTUBE";"https://www.youtube.com/embed/nKQLWNUYu9w0"
"0354-YOUTUBE";"https://www.youtube.com/watch?v=nKQLWNUYu9w"
"0355-YOUTUBE";"https://www.youtube.com/embed/7mgN6GiDrt80"
"0356-YOUTUBE";"https://www.youtube.com/watch?v=7mgN6GiDrt8"
"0357-YOUTUBE";"https://www.youtube.com/embed/v6hmt6gL1fo"
"0358-WIDENNET";"https://milwaukeetool.widen.net/s/77vdbwqwwl/milwaukeer-m12trade-mark-0"
"0359-YOUTUBE";"https://www.youtube.com/embed/33jK01B_pPI"
"0360-YOUTUBE";"https://www.youtube.com/embed/33jK01B_pPI0"
"0361-WIDENNET";"https://milwaukeetool.widen.net/s/b6l9nkmwzc/milwaukeer-heavy-duty-flex-work-pants"
"0362-WIDENCOLLECTIVE";"https://milwaukeetool.widencollective.com/assets/share/asset/mf6pra5ac2"
"0363-YOUTUBE";"https://www.youtube.com/embed/Wm2CKDrw4Uo?rel=0"
"0364-EDGENET";"https://assets.edgenet.com/20143ec8-fd12-4cc5-a284-d564e77bf1c8"
"0365-YOUTUBE";"https://www.youtube.com/embed/Wm2CKDrw4Uo?rel=00"
"0366-YOUTUBE";"https://www.youtube.com/watch?v=yosIMJJOcF8"
"0367-YOUTUBE";"https://www.youtube.com/watch?v=fUF6VwXoQjM"
"0368-YOUTUBE";"https://www.youtube.com/embed/3_kA33Z9IY40"
"0369-EDGENET";"https://assets.edgenet.com/e09625af-2076-438b-9ec9-252f573c9fb2"
"0370-YOUTUBE";"https://www.youtube.com/embed/3_kA33Z9IY4"
"0371-SMUGMUG";"https://milwaukeetoolca.smugmug.com/Milwaukee-Brand-Videos-/French-Videos/n-Vjrd3Q/i-X7nHjwJ/A"
"0372-YOUTUBE";"https://www.youtube.com/embed/OrvEJeQx8uE?si=9V9efYgup7A2SKN8"
"0373-YOUTUBE";"https://www.youtube.com/embed/-Vq9Rwy0Fls"
"0374-YOUTUBE";"https://www.youtube.com/watch?v=-Vq9Rwy0Fls"
"0375-WIDENNET";"https://milwaukeetool.widen.net/s/dhcfwdrq76/milwaukeer-gen-2-mx-fueltrade-mark-sign-14-cut-off-saw_row"
"0376-YOUTUBE";"https://www.youtube.com/embed/Rv8g_wT8dXYhttps://milwaukeetoolca.smugmug.com/Milwaukee-Brand-Videos-/French-Videos/n-Vjrd3Q/i-VrDKhT3/A"
"0377-SMUGMUG";"https://milwaukeetoolca.smugmug.com/Milwaukee-Brand-Videos-/French-Videos/n-Vjrd3Q/i-HDDKbWz/A"
"0378-YOUTUBE";"https://www.youtube.com/watch?v=yYjDngUiSaw"
"0379-YOUTUBE";"https://www.youtube.com/embed/s17_ugXDydw?si=w_b6JGUeYYYAatMG"
"0380-SMUGMUG";"https://milwaukeetoolca.smugmug.com/Milwaukee-Brand-Videos-/French-Videos/n-Vjrd3Q/i-wghGKth/A"
"0381-YOUTUBE";"https://www.youtube.com/watch?v=Vzb8J3pFANQ"
"0382-SMUGMUG";"https://milwaukeetoolca.smugmug.com/Milwaukee-Brand-Videos-/French-Videos/n-Vjrd3Q/i-VrDKhT3/A"
"0383-YOUTUBE";"https://www.youtube.com/embed/wDmSiHiEYWI"
"0384-YOUTUBE";"https://www.youtube.com/embed/BREEHsS8Rmw"
"0385-YOUTUBE";"https://www.youtube.com/embed/4JUxwcU1OJc"
"0386-YOUTUBE";"https://www.youtube.com/embed/8cyPotsGOq8"
"0387-YOUTUBE";"https://www.youtube.com/embed/tdZW57PK3jU"
"0388-YOUTUBE";"https://www.youtube.com/embed/L49EWuiJ16k"
"0389-YOUTUBE";"https://www.youtube.com/embed/z09GR_-cBw0"
"0390-YOUTU-BE";"https://youtu.be/QvL5kFAME4Q"
"0391-YOUTUBE";"https://www.youtube.com/embed/FF7oz8C6Mz8"
"0392-PLAYERVIMEO";"https://player.vimeo.com/video/696165836"
"0393-YOUTUBE";"https://www.youtube.com/embed/VAe_WClOEp0"
"0394-YOUTUBE";"https://www.youtube.com/embed/W3DFcqSBJaU"
"0395-YOUTUBE";"https://www.youtube.com/embed/2Sn-1NqoOA4"
"0396-YOUTUBE";"https://www.youtube.com/embed/OSSQ3i0eFQI"
"0397-YOUTUBE";"https://www.youtube.com/embed/iQh7RL4sVeY"
"0398-YOUTUBE";"https://www.youtube.com/embed/rBxxU8gT7nY"
"0399-YOUTUBE";"https://www.youtube.com/embed/loaEj_PawpQ"
"0400-YOUTUBE";"https://www.youtube.com/embed/aXYkJD9TWN0"
"0401-YOUTUBE";"https://www.youtube.com/embed/2H7daCTHhME"
"0402-YOUTUBE";"https://www.youtube.com/embed/KH6k_ogxnJU"
"0403-YOUTUBE";"https://www.youtube.com/embed/1_V7oqT9kqU"
"0404-YOUTUBE";"https://www.youtube.com/embed/QodwgFJlp7U"
"0405-YOUTUBE";"https://www.youtube.com/embed/Eb3qjXANCT4"
"0406-YOUTUBE";"https://www.youtube.com/embed/UdGg8nURevA"
"0407-YOUTUBE";"https://www.youtube.com/embed/k7KMJkJeu9g?si=6GxdR3TyAC3j4gil"
"0408-YOUTUBE";"https://www.youtube.com/embed/_ZoYVzyKefA"
"0409-YOUTUBE";"https://www.youtube.com/embed/GQmRwy_dcVA"
"0410-YOUTUBE";"https://www.youtube.com/embed/ZgjJANLdut0"
"0411-YOUTUBE";"https://www.youtube.com/embed/94tvxNo-60U"
"0412-YOUTUBE";"https://www.youtube.com/embed/3m3ANVjJRrg"
"0413-YOUTUBE";"https://www.youtube.com/embed/a13QsKbwn9w"
"0414-YOUTUBE";"https://www.youtube.com/embed/O3Kd_G6fgyQ"
"0415-YOUTUBE";"https://www.youtube.com/embed/KMNz_2K0H1c"
"0416-YOUTUBE";"https://www.youtube.com/embed/TsY8U4exqOE"
"0417-YOUTUBE";"https://www.youtube.com/embed/OVrqkyNZRFE"
"0418-YOUTUBE";"https://www.youtube.com/embed/Xo9npwHIzko"
"0419-YOUTUBE";"https://www.youtube.com/embed/fQK51KDUOb4"
"0420-YOUTUBE";"https://www.youtube.com/embed/CTMhg7p6j_k"
"0421-YOUTUBE";"https://www.youtube.com/embed/Y7z-3V5jsRU"
"0422-YOUTUBE";"www.youtube.com/embed/uYVRVjzhcx4?si=vkZodhjN8RDoSXho"
"0423-YOUTUBE";"www.youtube.com/embed/NQQogk4NZxw?si=hI84pq_CoF0DO-EP"
"0424-YOUTUBE";"https://www.youtube.com/embed/Iefel7SF-EA"
"0425-YOUTUBE";"https://www.youtube.com/embed/cgIoc0BQO2o"
"0426-YOUTUBE";"https://www.youtube.com/embed/__xAS1BC9fg"
"0427-YOUTUBE";"https://www.youtube.com/embed/drmZAYCTiB0"
"0428-YOUTUBE";"https://www.youtube.com/embed/lgcFqrelMyk"
"0429-YOUTUBE";"https://www.youtube.com/embed/q0vTy1cnXsg"
"0430-YOUTUBE";"https://www.youtube.com/embed/Mkt-D6Fx0WE"
"0431-YOUTUBE";"https://www.youtube.com/embed/LQ"
"0432-YOUTUBE";"https://www.youtube.com/embed/LQ1JUBLjZSk"
"0433-YOUTUBE";"https://www.youtube.com/embed/uhHrJFObHvA"
"0434-YOUTUBE";"https://www.youtube.com/embed/UwF3hvOQwnA"
"0435-YOUTUBE";"https://www.youtube.com/embed/q7Hg5PQUBOc"
"0436-YOUTUBE";"https://www.youtube.com/embed/7PzZ5QA4LCo"
"0437-YOUTU-BE";"https://youtu.be/sP1IEYm98es"
"0438-YOUTUBE";"https://www.youtube.com/embed/w35EhjJe64g"
"0439-YOUTUBE";"https://www.youtube.com/embed/yJkG5QxImCA?si=KFdx1zelK1277d5k"
"0440-YOUTUBE";"https://www.youtube.com/watch?v=rBh5a_R1-wU"
"0441-YOUTUBE";"https://www.youtube.com/embed/H23RgWi1df8"
"0442-YOUTUBE";"https://www.youtube.com/embed/FIKvGCDXt-c"
"0443-YOUTUBE";"https://www.youtube.com/embed/0u6iJkte3fM"
"0444-YOUTUBE";"https://www.youtube.com/embed/CEoEExRidUM"
"0445-YOUTUBE";"https://www.youtube.com/embed/C3G6aPAr9w4"
"0446-YOUTUBE";"https://www.youtube.com/embed/2MJE9CtGCe4"
"0447-YOUTUBE";"https://www.youtube.com/embed/Qw_QH3DqY0o"
"0448-YOUTUBE";"https://www.youtube.com/embed/p2mYIBiQVCM"
"0449-YOUTUBE";"https://www.youtube.com/embed/x1MG73yCP80"
"0450-YOUTUBE";"https://www.youtube.com/embed/G2FCcNiKBH8"
"0451-YOUTUBE";"https://www.youtube.com/embed/ThW8KW3OMZU"
"0452-YOUTUBE";"https://www.youtube.com/embed/3jLveAmX4-I"
"0453-YOUTUBE";"https://www.youtube.com/embed/cVElWTCCK0E"
"0454-YOUTUBE";"https://www.youtube.com/embed/MMmt5B-Y7iA"
"0455-YOUTUBE";"https://www.youtube.com/embed/lpR3c-UmX78"
"0456-YOUTUBE";"https://www.youtube.com/embed/FqPnCAOFsBE"
"0457-YOUTUBE";"https://www.youtube.com/embed/NeEvXzIq7nY"
"0458-YOUTUBE";"https://www.youtube.com/embed/W3dnPp1E5rs"
"0459-YOUTUBE";"https://www.youtube.com/embed/TJoUEeZp9Ww"
"0460-YOUTUBE";"https://www.youtube.com/embed/JArEn7B4Y6s"
"0461-YOUTUBE";"https://www.youtube.com/embed/RDn-v0Fgb6g"
"0462-YOUTUBE";"https://www.youtube.com/embed/I7BhByY0nZA"
"0463-YOUTUBE";"https://www.youtube.com/embed/ygREG0sYC7k"
"0464-YOUTUBE";"https://www.youtube.com/embed/TN_UoFtoQYU"
"0465-YOUTUBE";"https://www.youtube.com/embed/sZfLBXmzRaE"
"0466-YOUTUBE";"https://www.youtube.com/embed/tLYaCpkaHl0"
"0467-YOUTUBE";"https://www.youtube.com/embed/bL3s3UKNv9U"
"0468-YOUTUBE";"https://www.youtube.com/embed/9_CzclD5Dnc"
"0469-YOUTUBE";"https://www.youtube.com/embed/UNZzvLYv_O0"
"0470-YOUTU-BE";"https://youtu.be/_VlvhBHfTKI"
"0471-YOUTUBE";"https://www.youtube.com/embed/T1Vw-_n-hFI"
"0472-YOUTUBE";"https://www.youtube.com/embed/jozM15_nN2s"
"0473-YOUTUBE";"https://www.youtube.com/embed/SvybzElLRtk"
"0474-YOUTU-BE";"https://youtu.be/taj0Hrq5bDs"
"0475-YOUTUBE";"https://www.youtube.com/embed/Xq2fIEixvtU"
"0476-YOUTUBE";"https://www.youtube.com/embed/ETRL9GWyGOw"
"0477-YOUTUBE";"https://www.youtube.com/embed/pdSvX_DM2GE"
"0478-YOUTUBE";"https://www.youtube.com/embed/-HgXJLBlSug"
"0479-YOUTUBE";"https://www.youtube.com/embed/7BVkpn3vuI0"
"0480-YOUTUBE";"https://www.youtube.com/embed/rChNdOYQI3I"
"0481-YOUTUBE";"https://www.youtube.com/embed/g6Mnud2qcAE"
"0482-YOUTUBE";"https://www.youtube.com/embed/jy-KbZmNUg0"
"0483-YOUTUBE";"https://www.youtube.com/embed/GkAXnPFgykU"
"0484-YOUTUBE";"https://www.youtube.com/embed/MY3XT7r7dSw"
"0485-YOUTUBE";"https://www.youtube.com/embed/K66Ynrj4tPs"
"0486-YOUTUBE";"https://www.youtube.com/embed/SuUbgulij2w"
"0487-YOUTUBE";"https://www.youtube.com/embed/WLBqrNMiNAU"
"0488-YOUTUBE";"https://www.youtube.com/embed/lx4Ek_kHH2M"
"0489-YOUTUBE";"https://www.youtube.com/embed/lx4Ek_kHH2M?rel=0"
"0490-YOUTUBE";"https://www.youtube.com/embed/ZaXGnS8caVY"
"0491-YOUTUBE";"https://www.youtube.com/embed/QFxLtPUJHTY"
"0492-YOUTUBE";"https://www.youtube.com/embed/sXz4_Cv0Dj0"
"0493-YOUTUBE";"https://www.youtube.com/embed/LEgrqSr8rgk"
"0494-YOUTUBE";"https://www.youtube.com/embed/fq7voBsRNDQ"
"0495-YOUTUBE";"https://www.youtube.com/embed/WZRZMIfyO_I"
"0496-YOUTUBE";"https://www.youtube.com/embed/exFSDFCYkak"
"0497-APRIMOCDN";"https://p1.aprimocdn.net/boschpowertools/049524d9-73bf-4d73-9f8f-acf70"
"0498-YOUTUBE";"https://www.youtube.com/embed/bA1WFyDS8LI"
"0499-YOUTUBE";"https://www.youtube.com/embed/i0xTXI_ciyc"
"0500-YOUTUBE";"https://www.youtube.com/embed/ADNcsqjAHqU"
"0501-YOUTUBE";"https://www.youtube.com/embed/F_L_ilyvoIc"
"0502-YOUTUBE";"https://www.youtube.com/embed/0JSAlGf0ILA"
"0503-YOUTUBE";"https://www.youtube.com/embed/GOzXDktbVBY"
"0504-YOUTUBE";"https://www.youtube.com/embed/WiDibK_-fiE"
"0505-YOUTUBE";"https://www.youtube.com/embed/tE7FhjC1kT0"
"0506-YOUTUBE";"https://www.youtube.com/embed/XThB0sqiR94"
"0507-YOUTUBE";"https://www.youtube.com/embed/j-6bhYBah-Q"
"0508-YOUTUBE";"https://www.youtube.com/embed/kHp1oBhlVvI"
"0509-YOUTUBE";"https://www.youtube.com/embed/bzAyolfURlU"
"0510-YOUTUBE";"https://www.youtube.com/embed/9dgKghxKXgo"
"0511-YOUTUBE";"https://www.youtube.com/embed/Ds_T7v-MhtY"
"0512-YOUTUBE";"https://www.youtube.com/embed/0kcjo7ykPGE"
"0513-YOUTUBE";"https://www.youtube.com/embed/7ekWigSgw9c"
"0514-YOUTUBE";"https://www.youtube.com/embed/4_QFHHH4uvA"
"0515-YOUTUBE";"https://www.youtube.com/embed/3EiO9I57svY"
"0516-YOUTUBE";"https://www.youtube.com/embed/2W3nhf_mUEw"
"0517-YOUTUBE";"https://www.youtube.com/embed/V1V7Lr3yZfA"
"0518-YOUTUBE";"https://www.youtube.com/embed/qL1j_L6O89Y"
"0519-YOUTUBE";"https://www.youtube.com/embed/-3YVpMgCudU"
"0520-YOUTUBE";"https://www.youtube.com/embed/2jYqS8l8Cm8"
"0521-YOUTUBE";"https://www.youtube.com/embed/b1k5dlEwRhU"
"0522-YOUTUBE";"https://www.youtube.com/embed/f5piHKZPoP4"
"0523-YOUTUBE";"https://www.youtube.com/embed/_Ef1VW55pug"
"0524-YOUTUBE";"https://www.youtube.com/embed/7aHy8Zx08KA"
"0525-YOUTUBE";"https://www.youtube.com/embed/Z23jk5gjDG0"
"0526-YOUTUBE";"https://www.youtube.com/embed/BX2C5hUksaM"
"0527-YOUTUBE";"https://www.youtube.com/embed/dmptWWxAPns"
"0528-YOUTUBE";"https://www.youtube.com/embed/6ybVZ-tHicU"
"0529-YOUTUBE";"https://www.youtube.com/embed/XeDahc0uRcw?rel=0"
"0530-YOUTUBE";"https://www.youtube.com/embed/rylyWZNQMYY?si=q3vIbHygRyOKFJvW"
"0531-YOUTUBE";"https://www.youtube.com/embed/LBKO_FuTQ1U"
"0532-YOUTUBE";"https://www.youtube.com/embed/PPmqDTcCdu8"
"0533-YOUTUBE";"https://www.youtube.com/embed/O_gJiyPbgnY?rel=0"
"0534-YOUTUBE";"https://www.youtube.com/embed/cjk-02I_zZA"
"0535-YOUTU-BE";"https://youtu.be/JN-_NttVaEc"
"0536-YOUTU-BE";"https://youtu.be/cjk-02I_zZA"
"0537-BRIGHTCOVE";"https://players.brightcove.net/602043299001/B1gUI6kJWz_default/index.html"
"0538-YOUTUBE";"https://www.youtube.com/embed/hj1Do6oevPQ"
"0539-YOUTUBE";"https://www.youtube.com/embed/0SHwQa8vyBk"
"0540-YOUTU-BE";"https://youtu.be/0SHwQa8vyBk"
"0541-YOUTUBE";"https://www.youtube.com/embed/ycVOKsi2Z3s"
"0542-YOUTUBE";"https://www.youtube.com/embed/KUicIoXgWME"
"0543-YOUTUBE";"https://www.youtube.com/embed/mBNrYW8xEnc"
"0544-YOUTUBE";"https://www.youtube.com/embed/p1OEG43tTL4"
"0545-YOUTUBE";"https://www.youtube.com/embed/Nfxi_OnK1hU"
"0546-YOUTUBE";"https://www.youtube.com/embed/3h04My6MAKE"
"0547-YOUTUBE";"https://www.youtube.com/embed/5D_UFtCRKj0"
"0548-YOUTUBE";"https://www.youtube.com/embed/vv9g0YBCPRk"
"0549-YOUTUBE";"https://www.youtube.com/embed/rj2gaGEEpj4?si=BWJ1bJ4ZPEfmvTg_"
"0550-YOUTUBE";"https://www.youtube.com/embed/PfK_L4IZEt8"
"0551-YOUTUBE";"https://www.youtube.com/embed/2zmWrnD36Fc"
"0552-YOUTUBE";"https://www.youtube.com/embed/yYRZUReThsk"
"0553-YOUTUBE";"https://www.youtube.com/embed/WPWpyXQ0vCk?si=Yp4JmIqT5jmRLAGo"
"0554-YOUTUBE";"https://www.youtube.com/embed/7724o3HW_V8?si=Rvwhm77yJmsWuSdE"
"0555-YOUTUBE";"https://www.youtube.com/embed/bPKcCEKUYnQ?si=vdk32_Hq1aeQccbC"
"0556-YOUTUBE";"https://www.youtube.com/embed/poSUO3XeXyg?si=Ma37UT42XbzRKDby"
"0557-YOUTUBE";"https://www.youtube.com/embed/Z-ReOZuXSZI?si=9k3HjBIHYBTIwtwN"
"0558-YOUTUBE";"https://www.youtube.com/embed/hiawDF67C4U?si=SphD3qUsIvwCRg4-"
"0559-YOUTUBE";"https://www.youtube.com/embed/lvVW24kDIek?si=tqcSuGxujORGfwz0"
"0560-YOUTUBE";"https://www.youtube.com/embed/S8HZ_7yGklY?si=gBuFivOncssdDWor"
"0561-YOUTUBE";"https://www.youtube.com/embed/HQiOs8ZGcwM?si=rjSOiuLwgNqeJgIz"
"0562-YOUTUBE";"https://www.youtube.com/embed/-xKgSUCbiDE?si=kl7p3oB6wtW6IPxX"
"0563-YOUTUBE";"https://www.youtube.com/embed/3UA3l2rIY7M?si=BKyyDt4fXAA7ogKf"
"0564-YOUTUBE";"https://www.youtube.com/embed/7P9T5a_SP6s?si=i1Hr2FMefsv3iYNk"
"0565-YOUTUBE";"https://www.youtube.com/embed/swE8Q8M_j1c?si=eqUmyUsBs8FirInz"
"0566-YOUTUBE";"https://www.youtube.com/embed/sGhy2LfA3p0?si=SDK-Nx0_a9IZj8t1"
"0567-YOUTUBE";"https://www.youtube.com/embed/D5LLUXTd_kY?si=Tb5UxDu2GCTN3XhQ"
"0568-YOUTUBE";"https://www.youtube.com/embed/pcE9VWLVuX8"
"0569-YOUTUBE";"https://www.youtube.com/embed/164YGo1SuTU"
"0570-YOUTUBE";"https://www.youtube.com/embed/TWCDj8NPOMk?si=Sh1HVsGFO_MYsa_y"
"0571-YOUTUBE";"https://www.youtube.com/embed/_YwAwnvTxqE"
"0572-YOUTUBE";"https://www.youtube.com/embed/pAEeO2KrdYI"
"0573-YOUTUBE";"https://www.youtube.com/embed/qfnTsME9Qks"
"0574-YOUTUBE";"https://www.youtube.com/watch?v=TcIpiCv2B5Q"
"0575-YOUTUBE";"https://www.youtube.com/embed/XJapPziI1Ls"
"0576-YOUTUBE";"https://www.youtube.com/embed/KPdCsJ8w3IQ"
"0577-YOUTUBE";"https://www.youtube.com/embed/-GWxiY0jRjQ"
"0578-YOUTUBE";"https://www.youtube.com/embed/DZ8Eo_dQpDQ"
"0579-YOUTUBE";"https://www.youtube.com/embed/vjSZiVhPcHo"
"0580-YOUTUBE";"https://www.youtube.com/embed/Tyy8Cv2TbxI"
"0581-YOUTUBE";"https://www.youtube.com/embed/uOu029py4VI?rel=0"
"0582-YOUTUBE";"https://www.youtube.com/embed/uQt1Q_qFTio"
"0583-YOUTUBE";"https://www.youtube.com/embed/bkIhgt8hABw"
"0584-YOUTUBE";"https://www.youtube.com/embed/77rJRFMH69I"
"0585-YOUTUBE";"https://www.youtube.com/embed/ssYXhJCiLwg?si=ia16mxqztACgeH7M"
"0586-YOUTUBE";"https://www.youtube.com/embed/czUw5NMbuks"
"0587-YOUTUBE";"https://www.youtube.com/embed/e3wuqJSK0io"
"0588-YOUTUBE";"https://www.youtube.com/embed/_1PseZ3pRvw"
"0589-YOUTUBE";"https://www.youtube.com/embed/gPCZLIMzvC4?list=PLf"
"0590-YOUTUBE";"https://www.youtube.com/embed/tgds6i7H8xQ"
"0591-YOUTUBE";"https://www.youtube.com/embed/p6lTIk1iC5I?list=PLf"
"0592-YOUTU-BE";"https://youtu.be/t1sv4-bYh4Q?list=PLfIwDwfWZIC5J3H"
"0593-YOUTUBE";"https://www.youtube.com/embed/LrBTnRWZAqM?list=PLf"
"0594-YOUTUBE";"https://www.youtube.com/embed/RneBh1cgP6c"
"0595-YOUTUBE";"https://www.youtube.com/embed/5jtZNhYLSVQ?list=PLf"
"0596-YOUTUBE";"https://www.youtube.com/embed/MrHQKEhzQg0"
"0597-YOUTUBE";"https://www.youtube.com/embed/Qcb3Bh_i8oY"
"0598-YOUTUBE";"https://www.youtube.com/embed/WhzQw5BCNeU"
"0599-YOUTUBE";"https://www.youtube.com/embed/O7B2xh7zaQs"
"0600-YOUTUBE";"https://www.youtube.com/embed/rTODJVYy1r8"
"0601-YOUTUBE";"https://www.youtube.com/embed/iXQ7HMSzyvg"
"0602-YOUTUBE";"https://www.youtube.com/embed/4O4R3D_89R8"
"0603-YOUTUBE";"https://www.youtube.com/embed/g_52gwlI_Fg"
"0604-YOUTUBE";"https://www.youtube.com/embed/mBrt1EgUPO8"
"0605-YOUTUBE";"https://www.youtube.com/embed/yX79RYH2chw"
"0606-YOUTUBE";"https://www.youtube.com/embed/zvTcYGhv5fs"
"0607-YOUTUBE";"https://www.youtube.com/embed/n3B0ghMrpBE"
"0608-YOUTUBE";"https://www.youtube.com/embed/Ebn0JcwVzG4"
"0609-YOUTUBE";"https://www.youtube.com/embed/istaPoSteRo"
"0610-YOUTUBE";"https://www.youtube.com/embed/l4HMnnCp45o?si=qanSDFvNaXyJHP4P"
"0611-YOUTUBE";"https://www.youtube.com/embed/l4HMnnCp45o?si=xlfHJNBmjuwpyzhD"
"0612-YOUTUBE";"https://www.youtube.com/embed/l4HMnnCp45o?si=PsgUkMygFLm_8AZg"
"0613-YOUTUBE";"https://www.youtube.com/embed/_krptpmLrQE?si=4YqFuzvwf0oYdXRb"
"0614-YOUTUBE";"https://www.youtube.com/embed/nzD2KAbrA_M"
"0615-YOUTUBE";"https://www.youtube.com/embed/Htgu7nAdHlk?si=YhjDkNyU-0_wjlwd"
"0616-YOUTUBE";"https://www.youtube.com/embed/6RKnhAvRS1o?si=WpAfzFdmnlVcVIKn"
"0617-YOUTUBE";"https://www.youtube.com/embed/6RKnhAvRS1o?si=bzM1e7bqyHLTIuF0"
"0618-YOUTUBE";"https://www.youtube.com/embed/iS1szGPBtso?si=t3fKeZXTOCr6i02x"
"0619-YOUTUBE";"https://www.youtube.com/embed/KEnoBUOOPio"
"0620-YOUTUBE";"https://www.youtube.com/embed/9R3q94UHIOA"
"0621-YOUTUBE";"https://www.youtube.com/embed/xAV3NQn8xT4"
"0622-YOUTUBE";"https://www.youtube.com/embed/n91yDUaTD_w"
"0623-YOUTUBE";"https://www.youtube.com/embed/_eir2YETtfQ"
"0624-YOUTUBE";"https://www.youtube.com/embed/F4tXeZU2z-M"
"0625-YOUTUBE";"https://www.youtube.com/embed/yXTr3-3mYJU?rel=0"
"0626-YOUTUBE";"https://www.youtube.com/embed/lE9fQK72Cko?si=6EdNEHZz0cBVRtx-"
"0627-YOUTUBE";"https://www.youtube.com/embed/7LKJXL_ODFM"
"0628-YOUTUBE";"https://www.youtube.com/embed/Q4nBIpo6VdE"
"0629-YOUTUBE";"https://www.youtube.com/embed/BNO9yOfRmiw"
"0630-YOUTUBE";"www.youtube.com/embed/tV1aNIDCv8Q"
"0631-YOUTUBE";"https://www.youtube.com/embed/evLmmW_f870"
"0632-YOUTUBE";"https://www.youtube.com/embed/pOouef1uqHM"
"0633-YOUTUBE";"https://www.youtube.com/embed/pOouef1uqHM?si=np0JgZhfx2bz5l2U"
"0634-YOUTUBE";"https://www.youtube.com/embed/7VKFA3hm-ls"
"0635-YOUTUBE";"https://www.youtube.com/embed/BDp_HddaRz8"
"0636-YOUTUBE";"https://www.youtube.com/embed/FxLw-p29a90"
"0637-YOUTUBE";"https://www.youtube.com/embed/TVkozz7kyio"
"0638-YOUTUBE";"https://www.youtube.com/embed/kbpw20MDhAc"
"0639-YOUTUBE";"https://www.youtube.com/embed/oFuO6_meRxA"
"0640-YOUTUBE";"https://www.youtube.com/embed/FpCbU-zXFjM"
"0641-YOUTUBE";"https://www.youtube.com/embed/kQuQs23M2g4"
"0642-YOUTUBE";"https://www.youtube.com/embed/dxLnuqgnugM"
"0643-YOUTUBE";"https://www.youtube.com/embed/o52GdWcr7UY"
"0644-YOUTUBE";"https://www.youtube.com/embed/dpxLOFO8BAs"
"0645-YOUTUBE";"https://www.youtube.com/embed/2fHB2wacHWU"
"0646-YOUTUBE";"https://www.youtube.com/embed/9I1QhAi2Xb8"
"0647-YOUTUBE";"https://www.youtube.com/embed/Vvm7eVVyxi4"
"0648-YOUTUBE";"https://www.youtube.com/embed/rzTJ9zP-fGc"
"0649-YOUTUBE";"https://www.youtube.com/embed/6XlOrmrZHsA"
"0650-YOUTUBE";"https://www.youtube.com/embed/Wq0p-XUtsvo"
"0651-YOUTUBE";"https://www.youtube.com/embed/PxtKxqoTF2M"
"0652-YOUTUBE";"https://www.youtube.com/embed/Bwhqwo2BAP8"
"0653-YOUTUBE";"https://www.youtube.com/embed/GE_ZXFFe2H8"
"0654-YOUTUBE";"https://www.youtube.com/embed/JGg20t_ixEU"
"0655-YOUTUBE";"https://www.youtube.com/embed/gK_dWwHBJ5o"
"0656-YOUTUBE";"https://www.youtube.com/embed/pHSZVVST2cg"
"0657-YOUTUBE";"https://www.youtube.com/embed/L60jKWJjzIc"
"0658-YOUTUBE";"https://www.youtube.com/embed/5FPSrFflTxM"
"0659-YOUTUBE";"https://www.youtube.com/embed/v9FOY-m20EE"
"0660-YOUTUBE";"https://www.youtube.com/embed/q8GkRgFA-ro"
"0661-YOUTUBE";"https://www.youtube.com/embed/C66Q-xWja0g"
"0662-YOUTUBE";"https://www.youtube.com/embed/J93VXXrU2Do"
"0663-YOUTUBE";"https://www.youtube.com/embed/n8CItiYKCJg"
"0664-YOUTUBE";"https://www.youtube.com/embed/sYjXOL4dH0E"
"0665-YOUTUBE";"https://www.youtube.com/embed/1hYUWIt79jM"
"0666-YOUTUBE";"https://www.youtube.com/embed/Ku2IcUvLvws"
"0667-YOUTUBE";"https://www.youtube.com/embed/O9H2I4jqhvY"
"0668-YOUTUBE";"https://www.youtube.com/embed/jwMiOZXCpMU"
"0669-YOUTUBE";"https://www.youtube.com/embed/rHUI3rHSZu8"
"0670-YOUTUBE";"https://www.youtube.com/embed/pSlM_BcJjVU"
"0671-YOUTUBE";"https://www.youtube.com/embed/lOlzuVQsC78?si=CRQPzZxzVPJac1vK"
"0672-YOUTUBE";"https://www.youtube.com/embed/tr2gZH2J8dc?si=3BmR-yLiddXk2N4X"
"0673-YOUTUBE";"https://www.youtube.com/watch?time_continue=2&v=2ctxmxF2Pts"
"0674-YOUTUBE";"https://www.youtube.com/embed/GPweMOGkrw0"
"0675-YOUTUBE";"www.youtube.com/embed/tr2gZH2J8dc"
"0676-YOUTUBE";"https://www.youtube.com/embed/1yR8axLwSpg?rel=0"
"0677-YOUTUBE";"https://www.youtube.com/embed/tr2gZH2J8dc"
"0678-YOUTUBE";"https://www.youtube.com/embed/7w00SuErQmc"
"0679-YOUTUBE";"https://www.youtube.com/embed/XnbXJ_kiVOA"
"0680-YOUTUBE";"https://www.youtube.com/embed/NLdIHpTuPWA"
"0681-YOUTUBE";"https://www.youtube.com/embed/qWNKaDHLnrw"
"0682-YOUTUBE";"https://www.youtube.com/embed/-IQv9-B1N8I?si=L-i5bEDg7khilEix"
"0683-YOUTUBE";"https://www.youtube.com/embed/B_sshLw50fA"
"0684-YOUTUBE";"https://www.youtube.com/embed/yVGAAtuE9cQ"
"0685-YOUTUBE";"https://www.youtube.com/watch?v=VYmcT9LvEMA"
